text,iteration_id,whicon_vote,blalib_vote
"""@iamkrause: No need to thank me, killing niggers is it's own reward.""  Dis my pal from our graduation when we was 26",1,1,1
"""@iamkrause: No need to thank me, killing niggers is it's own reward.""  Dis my pal from our graduation when we was 26",2,1,1
"""@iamkrause: No need to thank me, killing niggers is it's own reward.""  Dis my pal from our graduation when we was 26",3,1,1
"""@iamkrause: No need to thank me, killing niggers is it's own reward.""  Dis my pal from our graduation when we was 26",4,1,1
"""@iamkrause: No need to thank me, killing niggers is it's own reward.""  Dis my pal from our graduation when we was 26",5,1,1
"""@iamkrause: No need to thank me, killing niggers is it's own reward.""  Dis my pal from our graduation when we was 26",6,1,1
"""@iamkrause: No need to thank me, killing niggers is it's own reward.""  Dis my pal from our graduation when we was 26",7,1,1
"""@iamkrause: No need to thank me, killing niggers is it's own reward.""  Dis my pal from our graduation when we was 26",8,1,1
"""@iamkrause: No need to thank me, killing niggers is it's own reward.""  Dis my pal from our graduation when we was 26",9,1,1
"""@iamkrause: No need to thank me, killing niggers is it's own reward.""  Dis my pal from our graduation when we was 26",10,1,1
"""@iamkrause: No need to thank me, killing niggers is it's own reward.""  Dis my pal from our graduation when we was 26",11,1,1
"""@iamkrause: No need to thank me, killing niggers is it's own reward.""  Dis my pal from our graduation when we was 26",12,1,1
"""@iamkrause: No need to thank me, killing niggers is it's own reward.""  Dis my pal from our graduation when we was 26",13,1,1
"""@iamkrause: No need to thank me, killing niggers is it's own reward.""  Dis my pal from our graduation when we was 26",14,1,1
"""@iamkrause: No need to thank me, killing niggers is it's own reward.""  Dis my pal from our graduation when we was 26",15,1,1
"""@iamkrause: No need to thank me, killing niggers is it's own reward.""  Dis my pal from our graduation when we was 26",16,1,1
"""@iamkrause: No need to thank me, killing niggers is it's own reward.""  Dis my pal from our graduation when we was 26",17,1,1
"""@iamkrause: No need to thank me, killing niggers is it's own reward.""  Dis my pal from our graduation when we was 26",18,1,1
"""@iamkrause: No need to thank me, killing niggers is it's own reward.""  Dis my pal from our graduation when we was 26",19,1,1
"""@iamkrause: No need to thank me, killing niggers is it's own reward.""  Dis my pal from our graduation when we was 26",20,1,1
"""@iamkrause: No need to thank me, killing niggers is it's own reward.""  Dis my pal from our graduation when we was 26",21,1,1
"""@iamkrause: No need to thank me, killing niggers is it's own reward.""  Dis my pal from our graduation when we was 26",22,1,1
"""@iamkrause: No need to thank me, killing niggers is it's own reward.""  Dis my pal from our graduation when we was 26",23,1,1
"""@iamkrause: No need to thank me, killing niggers is it's own reward.""  Dis my pal from our graduation when we was 26",24,1,1
"""@iamkrause: No need to thank me, killing niggers is it's own reward.""  Dis my pal from our graduation when we was 26",25,1,1
"""@iamkrause: No need to thank me, killing niggers is it's own reward.""  Dis my pal from our graduation when we was 26",26,1,1
"""@iamkrause: No need to thank me, killing niggers is it's own reward.""  Dis my pal from our graduation when we was 26",27,1,1
"""@iamkrause: No need to thank me, killing niggers is it's own reward.""  Dis my pal from our graduation when we was 26",28,1,1
"""@iamkrause: No need to thank me, killing niggers is it's own reward.""  Dis my pal from our graduation when we was 26",29,1,1
"""@iamkrause: No need to thank me, killing niggers is it's own reward.""  Dis my pal from our graduation when we was 26",30,1,1
"""@iamkrause: No need to thank me, killing niggers is it's own reward.""  Dis my pal from our graduation when we was 26",31,1,1
"""@iamkrause: No need to thank me, killing niggers is it's own reward.""  Dis my pal from our graduation when we was 26",32,1,1
"""@iamkrause: No need to thank me, killing niggers is it's own reward.""  Dis my pal from our graduation when we was 26",33,1,1
"""@iamkrause: No need to thank me, killing niggers is it's own reward.""  Dis my pal from our graduation when we was 26",34,1,1
"""@iamkrause: No need to thank me, killing niggers is it's own reward.""  Dis my pal from our graduation when we was 26",35,1,1
"""@iamkrause: No need to thank me, killing niggers is it's own reward.""  Dis my pal from our graduation when we was 26",36,1,1
"""@iamkrause: No need to thank me, killing niggers is it's own reward.""  Dis my pal from our graduation when we was 26",37,1,1
"""@iamkrause: No need to thank me, killing niggers is it's own reward.""  Dis my pal from our graduation when we was 26",38,1,1
"""@iamkrause: No need to thank me, killing niggers is it's own reward.""  Dis my pal from our graduation when we was 26",39,1,1
"""@iamkrause: No need to thank me, killing niggers is it's own reward.""  Dis my pal from our graduation when we was 26",40,1,1
"""@iamkrause: No need to thank me, killing niggers is it's own reward.""  Dis my pal from our graduation when we was 26",41,1,1
"""@iamkrause: No need to thank me, killing niggers is it's own reward.""  Dis my pal from our graduation when we was 26",42,1,1
"""@iamkrause: No need to thank me, killing niggers is it's own reward.""  Dis my pal from our graduation when we was 26",43,1,1
"""@iamkrause: No need to thank me, killing niggers is it's own reward.""  Dis my pal from our graduation when we was 26",44,1,1
"""@iamkrause: No need to thank me, killing niggers is it's own reward.""  Dis my pal from our graduation when we was 26",45,1,1
"""@iamkrause: No need to thank me, killing niggers is it's own reward.""  Dis my pal from our graduation when we was 26",46,1,1
"""@iamkrause: No need to thank me, killing niggers is it's own reward.""  Dis my pal from our graduation when we was 26",47,1,1
"""@iamkrause: No need to thank me, killing niggers is it's own reward.""  Dis my pal from our graduation when we was 26",48,1,1
"""@iamkrause: No need to thank me, killing niggers is it's own reward.""  Dis my pal from our graduation when we was 26",49,1,1
"""@iamkrause: No need to thank me, killing niggers is it's own reward.""  Dis my pal from our graduation when we was 26",50,1,1
#whitepower...I'll hang you nigger,1,1,1
#whitepower...I'll hang you nigger,2,1,1
#whitepower...I'll hang you nigger,3,1,1
#whitepower...I'll hang you nigger,4,1,1
#whitepower...I'll hang you nigger,5,1,1
#whitepower...I'll hang you nigger,6,1,1
#whitepower...I'll hang you nigger,7,1,1
#whitepower...I'll hang you nigger,8,1,1
#whitepower...I'll hang you nigger,9,1,1
#whitepower...I'll hang you nigger,10,1,1
#whitepower...I'll hang you nigger,11,1,1
#whitepower...I'll hang you nigger,12,1,1
#whitepower...I'll hang you nigger,13,1,1
#whitepower...I'll hang you nigger,14,1,1
#whitepower...I'll hang you nigger,15,1,1
#whitepower...I'll hang you nigger,16,1,1
#whitepower...I'll hang you nigger,17,1,1
#whitepower...I'll hang you nigger,18,1,1
#whitepower...I'll hang you nigger,19,1,1
#whitepower...I'll hang you nigger,20,1,1
#whitepower...I'll hang you nigger,21,1,1
#whitepower...I'll hang you nigger,22,1,1
#whitepower...I'll hang you nigger,23,1,1
#whitepower...I'll hang you nigger,24,1,1
#whitepower...I'll hang you nigger,25,1,1
#whitepower...I'll hang you nigger,26,1,1
#whitepower...I'll hang you nigger,27,1,1
#whitepower...I'll hang you nigger,28,1,1
#whitepower...I'll hang you nigger,29,1,1
#whitepower...I'll hang you nigger,30,1,1
#whitepower...I'll hang you nigger,31,1,1
#whitepower...I'll hang you nigger,32,1,1
#whitepower...I'll hang you nigger,33,1,1
#whitepower...I'll hang you nigger,34,1,1
#whitepower...I'll hang you nigger,35,1,1
#whitepower...I'll hang you nigger,36,1,1
#whitepower...I'll hang you nigger,37,1,1
#whitepower...I'll hang you nigger,38,1,1
#whitepower...I'll hang you nigger,39,1,1
#whitepower...I'll hang you nigger,40,1,1
#whitepower...I'll hang you nigger,41,1,1
#whitepower...I'll hang you nigger,42,1,1
#whitepower...I'll hang you nigger,43,1,1
#whitepower...I'll hang you nigger,44,1,1
#whitepower...I'll hang you nigger,45,1,1
#whitepower...I'll hang you nigger,46,1,1
#whitepower...I'll hang you nigger,47,1,1
#whitepower...I'll hang you nigger,48,1,1
#whitepower...I'll hang you nigger,49,1,1
#whitepower...I'll hang you nigger,50,1,1
31 Black Women Who Died In Police Custody URL,1,0,0
31 Black Women Who Died In Police Custody URL,2,0,0
31 Black Women Who Died In Police Custody URL,3,0,0
31 Black Women Who Died In Police Custody URL,4,0,0
31 Black Women Who Died In Police Custody URL,5,0,0
31 Black Women Who Died In Police Custody URL,6,0,0
31 Black Women Who Died In Police Custody URL,7,0,0
31 Black Women Who Died In Police Custody URL,8,0,0
31 Black Women Who Died In Police Custody URL,9,0,0
31 Black Women Who Died In Police Custody URL,10,0,0
31 Black Women Who Died In Police Custody URL,11,0,0
31 Black Women Who Died In Police Custody URL,12,0,0
31 Black Women Who Died In Police Custody URL,13,0,0
31 Black Women Who Died In Police Custody URL,14,0,0
31 Black Women Who Died In Police Custody URL,15,0,0
31 Black Women Who Died In Police Custody URL,16,0,0
31 Black Women Who Died In Police Custody URL,17,0,0
31 Black Women Who Died In Police Custody URL,18,0,0
31 Black Women Who Died In Police Custody URL,19,0,0
31 Black Women Who Died In Police Custody URL,20,0,0
31 Black Women Who Died In Police Custody URL,21,0,0
31 Black Women Who Died In Police Custody URL,22,0,0
31 Black Women Who Died In Police Custody URL,23,0,0
31 Black Women Who Died In Police Custody URL,24,0,0
31 Black Women Who Died In Police Custody URL,25,0,0
31 Black Women Who Died In Police Custody URL,26,0,0
31 Black Women Who Died In Police Custody URL,27,0,0
31 Black Women Who Died In Police Custody URL,28,0,0
31 Black Women Who Died In Police Custody URL,29,0,0
31 Black Women Who Died In Police Custody URL,30,0,0
31 Black Women Who Died In Police Custody URL,31,0,0
31 Black Women Who Died In Police Custody URL,32,0,0
31 Black Women Who Died In Police Custody URL,33,0,0
31 Black Women Who Died In Police Custody URL,34,0,0
31 Black Women Who Died In Police Custody URL,35,0,0
31 Black Women Who Died In Police Custody URL,36,0,0
31 Black Women Who Died In Police Custody URL,37,0,0
31 Black Women Who Died In Police Custody URL,38,0,0
31 Black Women Who Died In Police Custody URL,39,0,0
31 Black Women Who Died In Police Custody URL,40,0,0
31 Black Women Who Died In Police Custody URL,41,0,0
31 Black Women Who Died In Police Custody URL,42,0,0
31 Black Women Who Died In Police Custody URL,43,0,0
31 Black Women Who Died In Police Custody URL,44,0,0
31 Black Women Who Died In Police Custody URL,45,0,0
31 Black Women Who Died In Police Custody URL,46,0,0
31 Black Women Who Died In Police Custody URL,47,0,0
31 Black Women Who Died In Police Custody URL,48,0,0
31 Black Women Who Died In Police Custody URL,49,0,0
31 Black Women Who Died In Police Custody URL,50,0,0
@L1LTR4P fucking losers wetbacks #SorryNotSorry,1,1,1
@L1LTR4P fucking losers wetbacks #SorryNotSorry,2,1,1
@L1LTR4P fucking losers wetbacks #SorryNotSorry,3,1,1
@L1LTR4P fucking losers wetbacks #SorryNotSorry,4,1,1
@L1LTR4P fucking losers wetbacks #SorryNotSorry,5,1,1
@L1LTR4P fucking losers wetbacks #SorryNotSorry,6,1,1
@L1LTR4P fucking losers wetbacks #SorryNotSorry,7,1,1
@L1LTR4P fucking losers wetbacks #SorryNotSorry,8,1,1
@L1LTR4P fucking losers wetbacks #SorryNotSorry,9,1,1
@L1LTR4P fucking losers wetbacks #SorryNotSorry,10,1,1
@L1LTR4P fucking losers wetbacks #SorryNotSorry,11,1,1
@L1LTR4P fucking losers wetbacks #SorryNotSorry,12,1,1
@L1LTR4P fucking losers wetbacks #SorryNotSorry,13,1,1
@L1LTR4P fucking losers wetbacks #SorryNotSorry,14,1,1
@L1LTR4P fucking losers wetbacks #SorryNotSorry,15,1,1
@L1LTR4P fucking losers wetbacks #SorryNotSorry,16,1,1
@L1LTR4P fucking losers wetbacks #SorryNotSorry,17,1,1
@L1LTR4P fucking losers wetbacks #SorryNotSorry,18,1,1
@L1LTR4P fucking losers wetbacks #SorryNotSorry,19,1,1
@L1LTR4P fucking losers wetbacks #SorryNotSorry,20,1,1
@L1LTR4P fucking losers wetbacks #SorryNotSorry,21,1,1
@L1LTR4P fucking losers wetbacks #SorryNotSorry,22,1,1
@L1LTR4P fucking losers wetbacks #SorryNotSorry,23,1,1
@L1LTR4P fucking losers wetbacks #SorryNotSorry,24,1,1
@L1LTR4P fucking losers wetbacks #SorryNotSorry,25,1,1
@L1LTR4P fucking losers wetbacks #SorryNotSorry,26,1,1
@L1LTR4P fucking losers wetbacks #SorryNotSorry,27,1,1
@L1LTR4P fucking losers wetbacks #SorryNotSorry,28,1,1
@L1LTR4P fucking losers wetbacks #SorryNotSorry,29,1,1
@L1LTR4P fucking losers wetbacks #SorryNotSorry,30,1,1
@L1LTR4P fucking losers wetbacks #SorryNotSorry,31,1,1
@L1LTR4P fucking losers wetbacks #SorryNotSorry,32,1,1
@L1LTR4P fucking losers wetbacks #SorryNotSorry,33,1,1
@L1LTR4P fucking losers wetbacks #SorryNotSorry,34,1,1
@L1LTR4P fucking losers wetbacks #SorryNotSorry,35,1,1
@L1LTR4P fucking losers wetbacks #SorryNotSorry,36,1,1
@L1LTR4P fucking losers wetbacks #SorryNotSorry,37,1,1
@L1LTR4P fucking losers wetbacks #SorryNotSorry,38,1,1
@L1LTR4P fucking losers wetbacks #SorryNotSorry,39,1,1
@L1LTR4P fucking losers wetbacks #SorryNotSorry,40,1,1
@L1LTR4P fucking losers wetbacks #SorryNotSorry,41,1,1
@L1LTR4P fucking losers wetbacks #SorryNotSorry,42,1,1
@L1LTR4P fucking losers wetbacks #SorryNotSorry,43,1,1
@L1LTR4P fucking losers wetbacks #SorryNotSorry,44,1,1
@L1LTR4P fucking losers wetbacks #SorryNotSorry,45,1,1
@L1LTR4P fucking losers wetbacks #SorryNotSorry,46,1,1
@L1LTR4P fucking losers wetbacks #SorryNotSorry,47,1,1
@L1LTR4P fucking losers wetbacks #SorryNotSorry,48,1,1
@L1LTR4P fucking losers wetbacks #SorryNotSorry,49,1,1
@L1LTR4P fucking losers wetbacks #SorryNotSorry,50,1,1
@Legionary1488 @JomavaesJos now we have a Ebloa case in Texas. If we kill all the niggers we might be safe.,1,1,1
@Legionary1488 @JomavaesJos now we have a Ebloa case in Texas. If we kill all the niggers we might be safe.,2,1,1
@Legionary1488 @JomavaesJos now we have a Ebloa case in Texas. If we kill all the niggers we might be safe.,3,1,1
@Legionary1488 @JomavaesJos now we have a Ebloa case in Texas. If we kill all the niggers we might be safe.,4,1,1
@Legionary1488 @JomavaesJos now we have a Ebloa case in Texas. If we kill all the niggers we might be safe.,5,1,1
@Legionary1488 @JomavaesJos now we have a Ebloa case in Texas. If we kill all the niggers we might be safe.,6,1,1
@Legionary1488 @JomavaesJos now we have a Ebloa case in Texas. If we kill all the niggers we might be safe.,7,1,1
@Legionary1488 @JomavaesJos now we have a Ebloa case in Texas. If we kill all the niggers we might be safe.,8,1,1
@Legionary1488 @JomavaesJos now we have a Ebloa case in Texas. If we kill all the niggers we might be safe.,9,1,1
@Legionary1488 @JomavaesJos now we have a Ebloa case in Texas. If we kill all the niggers we might be safe.,10,1,1
@Legionary1488 @JomavaesJos now we have a Ebloa case in Texas. If we kill all the niggers we might be safe.,11,1,1
@Legionary1488 @JomavaesJos now we have a Ebloa case in Texas. If we kill all the niggers we might be safe.,12,1,1
@Legionary1488 @JomavaesJos now we have a Ebloa case in Texas. If we kill all the niggers we might be safe.,13,1,1
@Legionary1488 @JomavaesJos now we have a Ebloa case in Texas. If we kill all the niggers we might be safe.,14,1,1
@Legionary1488 @JomavaesJos now we have a Ebloa case in Texas. If we kill all the niggers we might be safe.,15,1,1
@Legionary1488 @JomavaesJos now we have a Ebloa case in Texas. If we kill all the niggers we might be safe.,16,1,1
@Legionary1488 @JomavaesJos now we have a Ebloa case in Texas. If we kill all the niggers we might be safe.,17,1,1
@Legionary1488 @JomavaesJos now we have a Ebloa case in Texas. If we kill all the niggers we might be safe.,18,1,1
@Legionary1488 @JomavaesJos now we have a Ebloa case in Texas. If we kill all the niggers we might be safe.,19,1,1
@Legionary1488 @JomavaesJos now we have a Ebloa case in Texas. If we kill all the niggers we might be safe.,20,1,1
@Legionary1488 @JomavaesJos now we have a Ebloa case in Texas. If we kill all the niggers we might be safe.,21,1,1
@Legionary1488 @JomavaesJos now we have a Ebloa case in Texas. If we kill all the niggers we might be safe.,22,1,1
@Legionary1488 @JomavaesJos now we have a Ebloa case in Texas. If we kill all the niggers we might be safe.,23,1,1
@Legionary1488 @JomavaesJos now we have a Ebloa case in Texas. If we kill all the niggers we might be safe.,24,1,1
@Legionary1488 @JomavaesJos now we have a Ebloa case in Texas. If we kill all the niggers we might be safe.,25,1,1
@Legionary1488 @JomavaesJos now we have a Ebloa case in Texas. If we kill all the niggers we might be safe.,26,1,1
@Legionary1488 @JomavaesJos now we have a Ebloa case in Texas. If we kill all the niggers we might be safe.,27,1,1
@Legionary1488 @JomavaesJos now we have a Ebloa case in Texas. If we kill all the niggers we might be safe.,28,1,1
@Legionary1488 @JomavaesJos now we have a Ebloa case in Texas. If we kill all the niggers we might be safe.,29,1,1
@Legionary1488 @JomavaesJos now we have a Ebloa case in Texas. If we kill all the niggers we might be safe.,30,1,1
@Legionary1488 @JomavaesJos now we have a Ebloa case in Texas. If we kill all the niggers we might be safe.,31,1,1
@Legionary1488 @JomavaesJos now we have a Ebloa case in Texas. If we kill all the niggers we might be safe.,32,1,1
@Legionary1488 @JomavaesJos now we have a Ebloa case in Texas. If we kill all the niggers we might be safe.,33,1,1
@Legionary1488 @JomavaesJos now we have a Ebloa case in Texas. If we kill all the niggers we might be safe.,34,1,1
@Legionary1488 @JomavaesJos now we have a Ebloa case in Texas. If we kill all the niggers we might be safe.,35,1,1
@Legionary1488 @JomavaesJos now we have a Ebloa case in Texas. If we kill all the niggers we might be safe.,36,1,1
@Legionary1488 @JomavaesJos now we have a Ebloa case in Texas. If we kill all the niggers we might be safe.,37,1,1
@Legionary1488 @JomavaesJos now we have a Ebloa case in Texas. If we kill all the niggers we might be safe.,38,1,1
@Legionary1488 @JomavaesJos now we have a Ebloa case in Texas. If we kill all the niggers we might be safe.,39,1,1
@Legionary1488 @JomavaesJos now we have a Ebloa case in Texas. If we kill all the niggers we might be safe.,40,1,1
@Legionary1488 @JomavaesJos now we have a Ebloa case in Texas. If we kill all the niggers we might be safe.,41,1,1
@Legionary1488 @JomavaesJos now we have a Ebloa case in Texas. If we kill all the niggers we might be safe.,42,1,1
@Legionary1488 @JomavaesJos now we have a Ebloa case in Texas. If we kill all the niggers we might be safe.,43,1,1
@Legionary1488 @JomavaesJos now we have a Ebloa case in Texas. If we kill all the niggers we might be safe.,44,1,1
@Legionary1488 @JomavaesJos now we have a Ebloa case in Texas. If we kill all the niggers we might be safe.,45,1,1
@Legionary1488 @JomavaesJos now we have a Ebloa case in Texas. If we kill all the niggers we might be safe.,46,1,1
@Legionary1488 @JomavaesJos now we have a Ebloa case in Texas. If we kill all the niggers we might be safe.,47,1,1
@Legionary1488 @JomavaesJos now we have a Ebloa case in Texas. If we kill all the niggers we might be safe.,48,1,1
@Legionary1488 @JomavaesJos now we have a Ebloa case in Texas. If we kill all the niggers we might be safe.,49,1,1
@Legionary1488 @JomavaesJos now we have a Ebloa case in Texas. If we kill all the niggers we might be safe.,50,1,1
Every gook in #LosAngeles should be deported or killed.,1,1,1
Every gook in #LosAngeles should be deported or killed.,2,1,1
Every gook in #LosAngeles should be deported or killed.,3,1,1
Every gook in #LosAngeles should be deported or killed.,4,1,1
Every gook in #LosAngeles should be deported or killed.,5,1,1
Every gook in #LosAngeles should be deported or killed.,6,1,1
Every gook in #LosAngeles should be deported or killed.,7,1,1
Every gook in #LosAngeles should be deported or killed.,8,1,1
Every gook in #LosAngeles should be deported or killed.,9,1,1
Every gook in #LosAngeles should be deported or killed.,10,1,1
Every gook in #LosAngeles should be deported or killed.,11,1,1
Every gook in #LosAngeles should be deported or killed.,12,1,1
Every gook in #LosAngeles should be deported or killed.,13,1,1
Every gook in #LosAngeles should be deported or killed.,14,1,1
Every gook in #LosAngeles should be deported or killed.,15,1,1
Every gook in #LosAngeles should be deported or killed.,16,1,1
Every gook in #LosAngeles should be deported or killed.,17,1,1
Every gook in #LosAngeles should be deported or killed.,18,1,1
Every gook in #LosAngeles should be deported or killed.,19,1,1
Every gook in #LosAngeles should be deported or killed.,20,1,1
Every gook in #LosAngeles should be deported or killed.,21,1,1
Every gook in #LosAngeles should be deported or killed.,22,1,1
Every gook in #LosAngeles should be deported or killed.,23,1,1
Every gook in #LosAngeles should be deported or killed.,24,1,1
Every gook in #LosAngeles should be deported or killed.,25,1,1
Every gook in #LosAngeles should be deported or killed.,26,1,1
Every gook in #LosAngeles should be deported or killed.,27,1,1
Every gook in #LosAngeles should be deported or killed.,28,1,1
Every gook in #LosAngeles should be deported or killed.,29,1,1
Every gook in #LosAngeles should be deported or killed.,30,1,1
Every gook in #LosAngeles should be deported or killed.,31,1,1
Every gook in #LosAngeles should be deported or killed.,32,1,1
Every gook in #LosAngeles should be deported or killed.,33,1,1
Every gook in #LosAngeles should be deported or killed.,34,1,1
Every gook in #LosAngeles should be deported or killed.,35,1,1
Every gook in #LosAngeles should be deported or killed.,36,1,1
Every gook in #LosAngeles should be deported or killed.,37,1,1
Every gook in #LosAngeles should be deported or killed.,38,1,1
Every gook in #LosAngeles should be deported or killed.,39,1,1
Every gook in #LosAngeles should be deported or killed.,40,1,1
Every gook in #LosAngeles should be deported or killed.,41,1,1
Every gook in #LosAngeles should be deported or killed.,42,1,1
Every gook in #LosAngeles should be deported or killed.,43,1,1
Every gook in #LosAngeles should be deported or killed.,44,1,1
Every gook in #LosAngeles should be deported or killed.,45,1,1
Every gook in #LosAngeles should be deported or killed.,46,1,1
Every gook in #LosAngeles should be deported or killed.,47,1,1
Every gook in #LosAngeles should be deported or killed.,48,1,1
Every gook in #LosAngeles should be deported or killed.,49,1,1
Every gook in #LosAngeles should be deported or killed.,50,1,1
Every slant in #LosAngeles should be deported. Those scum have no right to be here. Chinatown should be bulldozed.,1,1,1
Every slant in #LosAngeles should be deported. Those scum have no right to be here. Chinatown should be bulldozed.,2,1,1
Every slant in #LosAngeles should be deported. Those scum have no right to be here. Chinatown should be bulldozed.,3,1,1
Every slant in #LosAngeles should be deported. Those scum have no right to be here. Chinatown should be bulldozed.,4,1,1
Every slant in #LosAngeles should be deported. Those scum have no right to be here. Chinatown should be bulldozed.,5,1,1
Every slant in #LosAngeles should be deported. Those scum have no right to be here. Chinatown should be bulldozed.,6,1,1
Every slant in #LosAngeles should be deported. Those scum have no right to be here. Chinatown should be bulldozed.,7,1,1
Every slant in #LosAngeles should be deported. Those scum have no right to be here. Chinatown should be bulldozed.,8,1,1
Every slant in #LosAngeles should be deported. Those scum have no right to be here. Chinatown should be bulldozed.,9,1,1
Every slant in #LosAngeles should be deported. Those scum have no right to be here. Chinatown should be bulldozed.,10,1,1
Every slant in #LosAngeles should be deported. Those scum have no right to be here. Chinatown should be bulldozed.,11,1,1
Every slant in #LosAngeles should be deported. Those scum have no right to be here. Chinatown should be bulldozed.,12,1,1
Every slant in #LosAngeles should be deported. Those scum have no right to be here. Chinatown should be bulldozed.,13,1,1
Every slant in #LosAngeles should be deported. Those scum have no right to be here. Chinatown should be bulldozed.,14,1,1
Every slant in #LosAngeles should be deported. Those scum have no right to be here. Chinatown should be bulldozed.,15,1,1
Every slant in #LosAngeles should be deported. Those scum have no right to be here. Chinatown should be bulldozed.,16,1,1
Every slant in #LosAngeles should be deported. Those scum have no right to be here. Chinatown should be bulldozed.,17,1,1
Every slant in #LosAngeles should be deported. Those scum have no right to be here. Chinatown should be bulldozed.,18,1,1
Every slant in #LosAngeles should be deported. Those scum have no right to be here. Chinatown should be bulldozed.,19,1,1
Every slant in #LosAngeles should be deported. Those scum have no right to be here. Chinatown should be bulldozed.,20,1,1
Every slant in #LosAngeles should be deported. Those scum have no right to be here. Chinatown should be bulldozed.,21,1,1
Every slant in #LosAngeles should be deported. Those scum have no right to be here. Chinatown should be bulldozed.,22,1,1
Every slant in #LosAngeles should be deported. Those scum have no right to be here. Chinatown should be bulldozed.,23,1,1
Every slant in #LosAngeles should be deported. Those scum have no right to be here. Chinatown should be bulldozed.,24,1,1
Every slant in #LosAngeles should be deported. Those scum have no right to be here. Chinatown should be bulldozed.,25,1,1
Every slant in #LosAngeles should be deported. Those scum have no right to be here. Chinatown should be bulldozed.,26,1,1
Every slant in #LosAngeles should be deported. Those scum have no right to be here. Chinatown should be bulldozed.,27,1,1
Every slant in #LosAngeles should be deported. Those scum have no right to be here. Chinatown should be bulldozed.,28,1,1
Every slant in #LosAngeles should be deported. Those scum have no right to be here. Chinatown should be bulldozed.,29,1,1
Every slant in #LosAngeles should be deported. Those scum have no right to be here. Chinatown should be bulldozed.,30,1,1
Every slant in #LosAngeles should be deported. Those scum have no right to be here. Chinatown should be bulldozed.,31,1,1
Every slant in #LosAngeles should be deported. Those scum have no right to be here. Chinatown should be bulldozed.,32,1,1
Every slant in #LosAngeles should be deported. Those scum have no right to be here. Chinatown should be bulldozed.,33,1,1
Every slant in #LosAngeles should be deported. Those scum have no right to be here. Chinatown should be bulldozed.,34,1,1
Every slant in #LosAngeles should be deported. Those scum have no right to be here. Chinatown should be bulldozed.,35,1,1
Every slant in #LosAngeles should be deported. Those scum have no right to be here. Chinatown should be bulldozed.,36,1,1
Every slant in #LosAngeles should be deported. Those scum have no right to be here. Chinatown should be bulldozed.,37,1,1
Every slant in #LosAngeles should be deported. Those scum have no right to be here. Chinatown should be bulldozed.,38,1,1
Every slant in #LosAngeles should be deported. Those scum have no right to be here. Chinatown should be bulldozed.,39,1,1
Every slant in #LosAngeles should be deported. Those scum have no right to be here. Chinatown should be bulldozed.,40,1,1
Every slant in #LosAngeles should be deported. Those scum have no right to be here. Chinatown should be bulldozed.,41,1,1
Every slant in #LosAngeles should be deported. Those scum have no right to be here. Chinatown should be bulldozed.,42,1,1
Every slant in #LosAngeles should be deported. Those scum have no right to be here. Chinatown should be bulldozed.,43,1,1
Every slant in #LosAngeles should be deported. Those scum have no right to be here. Chinatown should be bulldozed.,44,1,1
Every slant in #LosAngeles should be deported. Those scum have no right to be here. Chinatown should be bulldozed.,45,1,1
Every slant in #LosAngeles should be deported. Those scum have no right to be here. Chinatown should be bulldozed.,46,1,1
Every slant in #LosAngeles should be deported. Those scum have no right to be here. Chinatown should be bulldozed.,47,1,1
Every slant in #LosAngeles should be deported. Those scum have no right to be here. Chinatown should be bulldozed.,48,1,1
Every slant in #LosAngeles should be deported. Those scum have no right to be here. Chinatown should be bulldozed.,49,1,1
Every slant in #LosAngeles should be deported. Those scum have no right to be here. Chinatown should be bulldozed.,50,1,1
Fuck you fuck you you stupid cheating bitch go lick a dick and die ur a stupid nigger bitch,1,0,1
Fuck you fuck you you stupid cheating bitch go lick a dick and die ur a stupid nigger bitch,2,0,1
Fuck you fuck you you stupid cheating bitch go lick a dick and die ur a stupid nigger bitch,3,1,1
Fuck you fuck you you stupid cheating bitch go lick a dick and die ur a stupid nigger bitch,4,0,1
Fuck you fuck you you stupid cheating bitch go lick a dick and die ur a stupid nigger bitch,5,0,1
Fuck you fuck you you stupid cheating bitch go lick a dick and die ur a stupid nigger bitch,6,1,1
Fuck you fuck you you stupid cheating bitch go lick a dick and die ur a stupid nigger bitch,7,1,1
Fuck you fuck you you stupid cheating bitch go lick a dick and die ur a stupid nigger bitch,8,0,1
Fuck you fuck you you stupid cheating bitch go lick a dick and die ur a stupid nigger bitch,9,1,1
Fuck you fuck you you stupid cheating bitch go lick a dick and die ur a stupid nigger bitch,10,1,1
Fuck you fuck you you stupid cheating bitch go lick a dick and die ur a stupid nigger bitch,11,1,1
Fuck you fuck you you stupid cheating bitch go lick a dick and die ur a stupid nigger bitch,12,0,1
Fuck you fuck you you stupid cheating bitch go lick a dick and die ur a stupid nigger bitch,13,0,0
Fuck you fuck you you stupid cheating bitch go lick a dick and die ur a stupid nigger bitch,14,1,1
Fuck you fuck you you stupid cheating bitch go lick a dick and die ur a stupid nigger bitch,15,0,1
Fuck you fuck you you stupid cheating bitch go lick a dick and die ur a stupid nigger bitch,16,1,1
Fuck you fuck you you stupid cheating bitch go lick a dick and die ur a stupid nigger bitch,17,0,1
Fuck you fuck you you stupid cheating bitch go lick a dick and die ur a stupid nigger bitch,18,1,1
Fuck you fuck you you stupid cheating bitch go lick a dick and die ur a stupid nigger bitch,19,0,1
Fuck you fuck you you stupid cheating bitch go lick a dick and die ur a stupid nigger bitch,20,0,1
Fuck you fuck you you stupid cheating bitch go lick a dick and die ur a stupid nigger bitch,21,1,1
Fuck you fuck you you stupid cheating bitch go lick a dick and die ur a stupid nigger bitch,22,0,1
Fuck you fuck you you stupid cheating bitch go lick a dick and die ur a stupid nigger bitch,23,1,1
Fuck you fuck you you stupid cheating bitch go lick a dick and die ur a stupid nigger bitch,24,1,1
Fuck you fuck you you stupid cheating bitch go lick a dick and die ur a stupid nigger bitch,25,1,1
Fuck you fuck you you stupid cheating bitch go lick a dick and die ur a stupid nigger bitch,26,1,1
Fuck you fuck you you stupid cheating bitch go lick a dick and die ur a stupid nigger bitch,27,1,1
Fuck you fuck you you stupid cheating bitch go lick a dick and die ur a stupid nigger bitch,28,0,1
Fuck you fuck you you stupid cheating bitch go lick a dick and die ur a stupid nigger bitch,29,0,1
Fuck you fuck you you stupid cheating bitch go lick a dick and die ur a stupid nigger bitch,30,0,1
Fuck you fuck you you stupid cheating bitch go lick a dick and die ur a stupid nigger bitch,31,1,1
Fuck you fuck you you stupid cheating bitch go lick a dick and die ur a stupid nigger bitch,32,1,1
Fuck you fuck you you stupid cheating bitch go lick a dick and die ur a stupid nigger bitch,33,0,1
Fuck you fuck you you stupid cheating bitch go lick a dick and die ur a stupid nigger bitch,34,1,1
Fuck you fuck you you stupid cheating bitch go lick a dick and die ur a stupid nigger bitch,35,1,0
Fuck you fuck you you stupid cheating bitch go lick a dick and die ur a stupid nigger bitch,36,1,1
Fuck you fuck you you stupid cheating bitch go lick a dick and die ur a stupid nigger bitch,37,0,0
Fuck you fuck you you stupid cheating bitch go lick a dick and die ur a stupid nigger bitch,38,1,1
Fuck you fuck you you stupid cheating bitch go lick a dick and die ur a stupid nigger bitch,39,1,1
Fuck you fuck you you stupid cheating bitch go lick a dick and die ur a stupid nigger bitch,40,1,1
Fuck you fuck you you stupid cheating bitch go lick a dick and die ur a stupid nigger bitch,41,1,1
Fuck you fuck you you stupid cheating bitch go lick a dick and die ur a stupid nigger bitch,42,1,1
Fuck you fuck you you stupid cheating bitch go lick a dick and die ur a stupid nigger bitch,43,0,1
Fuck you fuck you you stupid cheating bitch go lick a dick and die ur a stupid nigger bitch,44,1,0
Fuck you fuck you you stupid cheating bitch go lick a dick and die ur a stupid nigger bitch,45,1,1
Fuck you fuck you you stupid cheating bitch go lick a dick and die ur a stupid nigger bitch,46,0,1
Fuck you fuck you you stupid cheating bitch go lick a dick and die ur a stupid nigger bitch,47,1,1
Fuck you fuck you you stupid cheating bitch go lick a dick and die ur a stupid nigger bitch,48,0,1
Fuck you fuck you you stupid cheating bitch go lick a dick and die ur a stupid nigger bitch,49,1,1
Fuck you fuck you you stupid cheating bitch go lick a dick and die ur a stupid nigger bitch,50,1,1
Fucking fagot burn in hell,1,1,1
Fucking fagot burn in hell,2,1,1
Fucking fagot burn in hell,3,1,1
Fucking fagot burn in hell,4,1,1
Fucking fagot burn in hell,5,1,1
Fucking fagot burn in hell,6,1,1
Fucking fagot burn in hell,7,1,1
Fucking fagot burn in hell,8,1,1
Fucking fagot burn in hell,9,1,1
Fucking fagot burn in hell,10,1,1
Fucking fagot burn in hell,11,1,1
Fucking fagot burn in hell,12,1,1
Fucking fagot burn in hell,13,1,1
Fucking fagot burn in hell,14,1,1
Fucking fagot burn in hell,15,1,1
Fucking fagot burn in hell,16,1,1
Fucking fagot burn in hell,17,1,1
Fucking fagot burn in hell,18,1,1
Fucking fagot burn in hell,19,1,1
Fucking fagot burn in hell,20,1,1
Fucking fagot burn in hell,21,1,1
Fucking fagot burn in hell,22,1,1
Fucking fagot burn in hell,23,1,1
Fucking fagot burn in hell,24,1,1
Fucking fagot burn in hell,25,1,1
Fucking fagot burn in hell,26,1,1
Fucking fagot burn in hell,27,1,1
Fucking fagot burn in hell,28,1,1
Fucking fagot burn in hell,29,1,1
Fucking fagot burn in hell,30,1,1
Fucking fagot burn in hell,31,1,1
Fucking fagot burn in hell,32,1,1
Fucking fagot burn in hell,33,1,1
Fucking fagot burn in hell,34,1,1
Fucking fagot burn in hell,35,1,1
Fucking fagot burn in hell,36,1,1
Fucking fagot burn in hell,37,1,1
Fucking fagot burn in hell,38,1,1
Fucking fagot burn in hell,39,1,1
Fucking fagot burn in hell,40,1,1
Fucking fagot burn in hell,41,1,1
Fucking fagot burn in hell,42,1,1
Fucking fagot burn in hell,43,1,1
Fucking fagot burn in hell,44,1,1
Fucking fagot burn in hell,45,1,1
Fucking fagot burn in hell,46,1,1
Fucking fagot burn in hell,47,1,1
Fucking fagot burn in hell,48,1,1
Fucking fagot burn in hell,49,1,1
Fucking fagot burn in hell,50,1,1
"Hey ,muslim dickhead !!!!!!!! Why don;t you go and shove Allah or whatever the fuck you call the retard up your stupid backwards ass !!!!!!!!! You fucking muslims are a bunch of jealous west hating mongs, Islam is a peaceful religion, BULLSHIT !!!!!!! There are many times when it refers to violence. So go strap on your suicide bomb and blow yourself up. yey, one less feeble minded prick ion the world.",1,1,1
"Hey ,muslim dickhead !!!!!!!! Why don;t you go and shove Allah or whatever the fuck you call the retard up your stupid backwards ass !!!!!!!!! You fucking muslims are a bunch of jealous west hating mongs, Islam is a peaceful religion, BULLSHIT !!!!!!! There are many times when it refers to violence. So go strap on your suicide bomb and blow yourself up. yey, one less feeble minded prick ion the world.",2,1,1
"Hey ,muslim dickhead !!!!!!!! Why don;t you go and shove Allah or whatever the fuck you call the retard up your stupid backwards ass !!!!!!!!! You fucking muslims are a bunch of jealous west hating mongs, Islam is a peaceful religion, BULLSHIT !!!!!!! There are many times when it refers to violence. So go strap on your suicide bomb and blow yourself up. yey, one less feeble minded prick ion the world.",3,1,1
"Hey ,muslim dickhead !!!!!!!! Why don;t you go and shove Allah or whatever the fuck you call the retard up your stupid backwards ass !!!!!!!!! You fucking muslims are a bunch of jealous west hating mongs, Islam is a peaceful religion, BULLSHIT !!!!!!! There are many times when it refers to violence. So go strap on your suicide bomb and blow yourself up. yey, one less feeble minded prick ion the world.",4,1,1
"Hey ,muslim dickhead !!!!!!!! Why don;t you go and shove Allah or whatever the fuck you call the retard up your stupid backwards ass !!!!!!!!! You fucking muslims are a bunch of jealous west hating mongs, Islam is a peaceful religion, BULLSHIT !!!!!!! There are many times when it refers to violence. So go strap on your suicide bomb and blow yourself up. yey, one less feeble minded prick ion the world.",5,1,1
"Hey ,muslim dickhead !!!!!!!! Why don;t you go and shove Allah or whatever the fuck you call the retard up your stupid backwards ass !!!!!!!!! You fucking muslims are a bunch of jealous west hating mongs, Islam is a peaceful religion, BULLSHIT !!!!!!! There are many times when it refers to violence. So go strap on your suicide bomb and blow yourself up. yey, one less feeble minded prick ion the world.",6,1,1
"Hey ,muslim dickhead !!!!!!!! Why don;t you go and shove Allah or whatever the fuck you call the retard up your stupid backwards ass !!!!!!!!! You fucking muslims are a bunch of jealous west hating mongs, Islam is a peaceful religion, BULLSHIT !!!!!!! There are many times when it refers to violence. So go strap on your suicide bomb and blow yourself up. yey, one less feeble minded prick ion the world.",7,1,1
"Hey ,muslim dickhead !!!!!!!! Why don;t you go and shove Allah or whatever the fuck you call the retard up your stupid backwards ass !!!!!!!!! You fucking muslims are a bunch of jealous west hating mongs, Islam is a peaceful religion, BULLSHIT !!!!!!! There are many times when it refers to violence. So go strap on your suicide bomb and blow yourself up. yey, one less feeble minded prick ion the world.",8,1,1
"Hey ,muslim dickhead !!!!!!!! Why don;t you go and shove Allah or whatever the fuck you call the retard up your stupid backwards ass !!!!!!!!! You fucking muslims are a bunch of jealous west hating mongs, Islam is a peaceful religion, BULLSHIT !!!!!!! There are many times when it refers to violence. So go strap on your suicide bomb and blow yourself up. yey, one less feeble minded prick ion the world.",9,1,1
"Hey ,muslim dickhead !!!!!!!! Why don;t you go and shove Allah or whatever the fuck you call the retard up your stupid backwards ass !!!!!!!!! You fucking muslims are a bunch of jealous west hating mongs, Islam is a peaceful religion, BULLSHIT !!!!!!! There are many times when it refers to violence. So go strap on your suicide bomb and blow yourself up. yey, one less feeble minded prick ion the world.",10,1,1
"Hey ,muslim dickhead !!!!!!!! Why don;t you go and shove Allah or whatever the fuck you call the retard up your stupid backwards ass !!!!!!!!! You fucking muslims are a bunch of jealous west hating mongs, Islam is a peaceful religion, BULLSHIT !!!!!!! There are many times when it refers to violence. So go strap on your suicide bomb and blow yourself up. yey, one less feeble minded prick ion the world.",11,1,1
"Hey ,muslim dickhead !!!!!!!! Why don;t you go and shove Allah or whatever the fuck you call the retard up your stupid backwards ass !!!!!!!!! You fucking muslims are a bunch of jealous west hating mongs, Islam is a peaceful religion, BULLSHIT !!!!!!! There are many times when it refers to violence. So go strap on your suicide bomb and blow yourself up. yey, one less feeble minded prick ion the world.",12,1,1
"Hey ,muslim dickhead !!!!!!!! Why don;t you go and shove Allah or whatever the fuck you call the retard up your stupid backwards ass !!!!!!!!! You fucking muslims are a bunch of jealous west hating mongs, Islam is a peaceful religion, BULLSHIT !!!!!!! There are many times when it refers to violence. So go strap on your suicide bomb and blow yourself up. yey, one less feeble minded prick ion the world.",13,1,1
"Hey ,muslim dickhead !!!!!!!! Why don;t you go and shove Allah or whatever the fuck you call the retard up your stupid backwards ass !!!!!!!!! You fucking muslims are a bunch of jealous west hating mongs, Islam is a peaceful religion, BULLSHIT !!!!!!! There are many times when it refers to violence. So go strap on your suicide bomb and blow yourself up. yey, one less feeble minded prick ion the world.",14,1,1
"Hey ,muslim dickhead !!!!!!!! Why don;t you go and shove Allah or whatever the fuck you call the retard up your stupid backwards ass !!!!!!!!! You fucking muslims are a bunch of jealous west hating mongs, Islam is a peaceful religion, BULLSHIT !!!!!!! There are many times when it refers to violence. So go strap on your suicide bomb and blow yourself up. yey, one less feeble minded prick ion the world.",15,1,1
"Hey ,muslim dickhead !!!!!!!! Why don;t you go and shove Allah or whatever the fuck you call the retard up your stupid backwards ass !!!!!!!!! You fucking muslims are a bunch of jealous west hating mongs, Islam is a peaceful religion, BULLSHIT !!!!!!! There are many times when it refers to violence. So go strap on your suicide bomb and blow yourself up. yey, one less feeble minded prick ion the world.",16,1,1
"Hey ,muslim dickhead !!!!!!!! Why don;t you go and shove Allah or whatever the fuck you call the retard up your stupid backwards ass !!!!!!!!! You fucking muslims are a bunch of jealous west hating mongs, Islam is a peaceful religion, BULLSHIT !!!!!!! There are many times when it refers to violence. So go strap on your suicide bomb and blow yourself up. yey, one less feeble minded prick ion the world.",17,1,1
"Hey ,muslim dickhead !!!!!!!! Why don;t you go and shove Allah or whatever the fuck you call the retard up your stupid backwards ass !!!!!!!!! You fucking muslims are a bunch of jealous west hating mongs, Islam is a peaceful religion, BULLSHIT !!!!!!! There are many times when it refers to violence. So go strap on your suicide bomb and blow yourself up. yey, one less feeble minded prick ion the world.",18,1,1
"Hey ,muslim dickhead !!!!!!!! Why don;t you go and shove Allah or whatever the fuck you call the retard up your stupid backwards ass !!!!!!!!! You fucking muslims are a bunch of jealous west hating mongs, Islam is a peaceful religion, BULLSHIT !!!!!!! There are many times when it refers to violence. So go strap on your suicide bomb and blow yourself up. yey, one less feeble minded prick ion the world.",19,1,1
"Hey ,muslim dickhead !!!!!!!! Why don;t you go and shove Allah or whatever the fuck you call the retard up your stupid backwards ass !!!!!!!!! You fucking muslims are a bunch of jealous west hating mongs, Islam is a peaceful religion, BULLSHIT !!!!!!! There are many times when it refers to violence. So go strap on your suicide bomb and blow yourself up. yey, one less feeble minded prick ion the world.",20,1,1
"Hey ,muslim dickhead !!!!!!!! Why don;t you go and shove Allah or whatever the fuck you call the retard up your stupid backwards ass !!!!!!!!! You fucking muslims are a bunch of jealous west hating mongs, Islam is a peaceful religion, BULLSHIT !!!!!!! There are many times when it refers to violence. So go strap on your suicide bomb and blow yourself up. yey, one less feeble minded prick ion the world.",21,1,1
"Hey ,muslim dickhead !!!!!!!! Why don;t you go and shove Allah or whatever the fuck you call the retard up your stupid backwards ass !!!!!!!!! You fucking muslims are a bunch of jealous west hating mongs, Islam is a peaceful religion, BULLSHIT !!!!!!! There are many times when it refers to violence. So go strap on your suicide bomb and blow yourself up. yey, one less feeble minded prick ion the world.",22,1,1
"Hey ,muslim dickhead !!!!!!!! Why don;t you go and shove Allah or whatever the fuck you call the retard up your stupid backwards ass !!!!!!!!! You fucking muslims are a bunch of jealous west hating mongs, Islam is a peaceful religion, BULLSHIT !!!!!!! There are many times when it refers to violence. So go strap on your suicide bomb and blow yourself up. yey, one less feeble minded prick ion the world.",23,1,1
"Hey ,muslim dickhead !!!!!!!! Why don;t you go and shove Allah or whatever the fuck you call the retard up your stupid backwards ass !!!!!!!!! You fucking muslims are a bunch of jealous west hating mongs, Islam is a peaceful religion, BULLSHIT !!!!!!! There are many times when it refers to violence. So go strap on your suicide bomb and blow yourself up. yey, one less feeble minded prick ion the world.",24,1,1
"Hey ,muslim dickhead !!!!!!!! Why don;t you go and shove Allah or whatever the fuck you call the retard up your stupid backwards ass !!!!!!!!! You fucking muslims are a bunch of jealous west hating mongs, Islam is a peaceful religion, BULLSHIT !!!!!!! There are many times when it refers to violence. So go strap on your suicide bomb and blow yourself up. yey, one less feeble minded prick ion the world.",25,1,1
"Hey ,muslim dickhead !!!!!!!! Why don;t you go and shove Allah or whatever the fuck you call the retard up your stupid backwards ass !!!!!!!!! You fucking muslims are a bunch of jealous west hating mongs, Islam is a peaceful religion, BULLSHIT !!!!!!! There are many times when it refers to violence. So go strap on your suicide bomb and blow yourself up. yey, one less feeble minded prick ion the world.",26,1,1
"Hey ,muslim dickhead !!!!!!!! Why don;t you go and shove Allah or whatever the fuck you call the retard up your stupid backwards ass !!!!!!!!! You fucking muslims are a bunch of jealous west hating mongs, Islam is a peaceful religion, BULLSHIT !!!!!!! There are many times when it refers to violence. So go strap on your suicide bomb and blow yourself up. yey, one less feeble minded prick ion the world.",27,1,1
"Hey ,muslim dickhead !!!!!!!! Why don;t you go and shove Allah or whatever the fuck you call the retard up your stupid backwards ass !!!!!!!!! You fucking muslims are a bunch of jealous west hating mongs, Islam is a peaceful religion, BULLSHIT !!!!!!! There are many times when it refers to violence. So go strap on your suicide bomb and blow yourself up. yey, one less feeble minded prick ion the world.",28,1,1
"Hey ,muslim dickhead !!!!!!!! Why don;t you go and shove Allah or whatever the fuck you call the retard up your stupid backwards ass !!!!!!!!! You fucking muslims are a bunch of jealous west hating mongs, Islam is a peaceful religion, BULLSHIT !!!!!!! There are many times when it refers to violence. So go strap on your suicide bomb and blow yourself up. yey, one less feeble minded prick ion the world.",29,1,1
"Hey ,muslim dickhead !!!!!!!! Why don;t you go and shove Allah or whatever the fuck you call the retard up your stupid backwards ass !!!!!!!!! You fucking muslims are a bunch of jealous west hating mongs, Islam is a peaceful religion, BULLSHIT !!!!!!! There are many times when it refers to violence. So go strap on your suicide bomb and blow yourself up. yey, one less feeble minded prick ion the world.",30,1,1
"Hey ,muslim dickhead !!!!!!!! Why don;t you go and shove Allah or whatever the fuck you call the retard up your stupid backwards ass !!!!!!!!! You fucking muslims are a bunch of jealous west hating mongs, Islam is a peaceful religion, BULLSHIT !!!!!!! There are many times when it refers to violence. So go strap on your suicide bomb and blow yourself up. yey, one less feeble minded prick ion the world.",31,1,1
"Hey ,muslim dickhead !!!!!!!! Why don;t you go and shove Allah or whatever the fuck you call the retard up your stupid backwards ass !!!!!!!!! You fucking muslims are a bunch of jealous west hating mongs, Islam is a peaceful religion, BULLSHIT !!!!!!! There are many times when it refers to violence. So go strap on your suicide bomb and blow yourself up. yey, one less feeble minded prick ion the world.",32,1,1
"Hey ,muslim dickhead !!!!!!!! Why don;t you go and shove Allah or whatever the fuck you call the retard up your stupid backwards ass !!!!!!!!! You fucking muslims are a bunch of jealous west hating mongs, Islam is a peaceful religion, BULLSHIT !!!!!!! There are many times when it refers to violence. So go strap on your suicide bomb and blow yourself up. yey, one less feeble minded prick ion the world.",33,1,1
"Hey ,muslim dickhead !!!!!!!! Why don;t you go and shove Allah or whatever the fuck you call the retard up your stupid backwards ass !!!!!!!!! You fucking muslims are a bunch of jealous west hating mongs, Islam is a peaceful religion, BULLSHIT !!!!!!! There are many times when it refers to violence. So go strap on your suicide bomb and blow yourself up. yey, one less feeble minded prick ion the world.",34,1,1
"Hey ,muslim dickhead !!!!!!!! Why don;t you go and shove Allah or whatever the fuck you call the retard up your stupid backwards ass !!!!!!!!! You fucking muslims are a bunch of jealous west hating mongs, Islam is a peaceful religion, BULLSHIT !!!!!!! There are many times when it refers to violence. So go strap on your suicide bomb and blow yourself up. yey, one less feeble minded prick ion the world.",35,1,1
"Hey ,muslim dickhead !!!!!!!! Why don;t you go and shove Allah or whatever the fuck you call the retard up your stupid backwards ass !!!!!!!!! You fucking muslims are a bunch of jealous west hating mongs, Islam is a peaceful religion, BULLSHIT !!!!!!! There are many times when it refers to violence. So go strap on your suicide bomb and blow yourself up. yey, one less feeble minded prick ion the world.",36,1,1
"Hey ,muslim dickhead !!!!!!!! Why don;t you go and shove Allah or whatever the fuck you call the retard up your stupid backwards ass !!!!!!!!! You fucking muslims are a bunch of jealous west hating mongs, Islam is a peaceful religion, BULLSHIT !!!!!!! There are many times when it refers to violence. So go strap on your suicide bomb and blow yourself up. yey, one less feeble minded prick ion the world.",37,1,1
"Hey ,muslim dickhead !!!!!!!! Why don;t you go and shove Allah or whatever the fuck you call the retard up your stupid backwards ass !!!!!!!!! You fucking muslims are a bunch of jealous west hating mongs, Islam is a peaceful religion, BULLSHIT !!!!!!! There are many times when it refers to violence. So go strap on your suicide bomb and blow yourself up. yey, one less feeble minded prick ion the world.",38,1,1
"Hey ,muslim dickhead !!!!!!!! Why don;t you go and shove Allah or whatever the fuck you call the retard up your stupid backwards ass !!!!!!!!! You fucking muslims are a bunch of jealous west hating mongs, Islam is a peaceful religion, BULLSHIT !!!!!!! There are many times when it refers to violence. So go strap on your suicide bomb and blow yourself up. yey, one less feeble minded prick ion the world.",39,1,1
"Hey ,muslim dickhead !!!!!!!! Why don;t you go and shove Allah or whatever the fuck you call the retard up your stupid backwards ass !!!!!!!!! You fucking muslims are a bunch of jealous west hating mongs, Islam is a peaceful religion, BULLSHIT !!!!!!! There are many times when it refers to violence. So go strap on your suicide bomb and blow yourself up. yey, one less feeble minded prick ion the world.",40,1,1
"Hey ,muslim dickhead !!!!!!!! Why don;t you go and shove Allah or whatever the fuck you call the retard up your stupid backwards ass !!!!!!!!! You fucking muslims are a bunch of jealous west hating mongs, Islam is a peaceful religion, BULLSHIT !!!!!!! There are many times when it refers to violence. So go strap on your suicide bomb and blow yourself up. yey, one less feeble minded prick ion the world.",41,1,1
"Hey ,muslim dickhead !!!!!!!! Why don;t you go and shove Allah or whatever the fuck you call the retard up your stupid backwards ass !!!!!!!!! You fucking muslims are a bunch of jealous west hating mongs, Islam is a peaceful religion, BULLSHIT !!!!!!! There are many times when it refers to violence. So go strap on your suicide bomb and blow yourself up. yey, one less feeble minded prick ion the world.",42,1,1
"Hey ,muslim dickhead !!!!!!!! Why don;t you go and shove Allah or whatever the fuck you call the retard up your stupid backwards ass !!!!!!!!! You fucking muslims are a bunch of jealous west hating mongs, Islam is a peaceful religion, BULLSHIT !!!!!!! There are many times when it refers to violence. So go strap on your suicide bomb and blow yourself up. yey, one less feeble minded prick ion the world.",43,1,1
"Hey ,muslim dickhead !!!!!!!! Why don;t you go and shove Allah or whatever the fuck you call the retard up your stupid backwards ass !!!!!!!!! You fucking muslims are a bunch of jealous west hating mongs, Islam is a peaceful religion, BULLSHIT !!!!!!! There are many times when it refers to violence. So go strap on your suicide bomb and blow yourself up. yey, one less feeble minded prick ion the world.",44,1,1
"Hey ,muslim dickhead !!!!!!!! Why don;t you go and shove Allah or whatever the fuck you call the retard up your stupid backwards ass !!!!!!!!! You fucking muslims are a bunch of jealous west hating mongs, Islam is a peaceful religion, BULLSHIT !!!!!!! There are many times when it refers to violence. So go strap on your suicide bomb and blow yourself up. yey, one less feeble minded prick ion the world.",45,1,1
"Hey ,muslim dickhead !!!!!!!! Why don;t you go and shove Allah or whatever the fuck you call the retard up your stupid backwards ass !!!!!!!!! You fucking muslims are a bunch of jealous west hating mongs, Islam is a peaceful religion, BULLSHIT !!!!!!! There are many times when it refers to violence. So go strap on your suicide bomb and blow yourself up. yey, one less feeble minded prick ion the world.",46,1,1
"Hey ,muslim dickhead !!!!!!!! Why don;t you go and shove Allah or whatever the fuck you call the retard up your stupid backwards ass !!!!!!!!! You fucking muslims are a bunch of jealous west hating mongs, Islam is a peaceful religion, BULLSHIT !!!!!!! There are many times when it refers to violence. So go strap on your suicide bomb and blow yourself up. yey, one less feeble minded prick ion the world.",47,1,1
"Hey ,muslim dickhead !!!!!!!! Why don;t you go and shove Allah or whatever the fuck you call the retard up your stupid backwards ass !!!!!!!!! You fucking muslims are a bunch of jealous west hating mongs, Islam is a peaceful religion, BULLSHIT !!!!!!! There are many times when it refers to violence. So go strap on your suicide bomb and blow yourself up. yey, one less feeble minded prick ion the world.",48,1,1
"Hey ,muslim dickhead !!!!!!!! Why don;t you go and shove Allah or whatever the fuck you call the retard up your stupid backwards ass !!!!!!!!! You fucking muslims are a bunch of jealous west hating mongs, Islam is a peaceful religion, BULLSHIT !!!!!!! There are many times when it refers to violence. So go strap on your suicide bomb and blow yourself up. yey, one less feeble minded prick ion the world.",49,1,1
"Hey ,muslim dickhead !!!!!!!! Why don;t you go and shove Allah or whatever the fuck you call the retard up your stupid backwards ass !!!!!!!!! You fucking muslims are a bunch of jealous west hating mongs, Islam is a peaceful religion, BULLSHIT !!!!!!! There are many times when it refers to violence. So go strap on your suicide bomb and blow yourself up. yey, one less feeble minded prick ion the world.",50,1,1
Hitler didn't finish it. Can u. If a nigger ur Jew confronts u in the street what then.,1,1,1
Hitler didn't finish it. Can u. If a nigger ur Jew confronts u in the street what then.,2,1,1
Hitler didn't finish it. Can u. If a nigger ur Jew confronts u in the street what then.,3,1,1
Hitler didn't finish it. Can u. If a nigger ur Jew confronts u in the street what then.,4,1,1
Hitler didn't finish it. Can u. If a nigger ur Jew confronts u in the street what then.,5,1,1
Hitler didn't finish it. Can u. If a nigger ur Jew confronts u in the street what then.,6,1,1
Hitler didn't finish it. Can u. If a nigger ur Jew confronts u in the street what then.,7,1,1
Hitler didn't finish it. Can u. If a nigger ur Jew confronts u in the street what then.,8,1,1
Hitler didn't finish it. Can u. If a nigger ur Jew confronts u in the street what then.,9,1,1
Hitler didn't finish it. Can u. If a nigger ur Jew confronts u in the street what then.,10,1,1
Hitler didn't finish it. Can u. If a nigger ur Jew confronts u in the street what then.,11,1,1
Hitler didn't finish it. Can u. If a nigger ur Jew confronts u in the street what then.,12,1,1
Hitler didn't finish it. Can u. If a nigger ur Jew confronts u in the street what then.,13,1,1
Hitler didn't finish it. Can u. If a nigger ur Jew confronts u in the street what then.,14,1,1
Hitler didn't finish it. Can u. If a nigger ur Jew confronts u in the street what then.,15,1,1
Hitler didn't finish it. Can u. If a nigger ur Jew confronts u in the street what then.,16,1,1
Hitler didn't finish it. Can u. If a nigger ur Jew confronts u in the street what then.,17,1,1
Hitler didn't finish it. Can u. If a nigger ur Jew confronts u in the street what then.,18,1,1
Hitler didn't finish it. Can u. If a nigger ur Jew confronts u in the street what then.,19,1,1
Hitler didn't finish it. Can u. If a nigger ur Jew confronts u in the street what then.,20,1,1
Hitler didn't finish it. Can u. If a nigger ur Jew confronts u in the street what then.,21,1,1
Hitler didn't finish it. Can u. If a nigger ur Jew confronts u in the street what then.,22,1,1
Hitler didn't finish it. Can u. If a nigger ur Jew confronts u in the street what then.,23,1,1
Hitler didn't finish it. Can u. If a nigger ur Jew confronts u in the street what then.,24,1,1
Hitler didn't finish it. Can u. If a nigger ur Jew confronts u in the street what then.,25,1,1
Hitler didn't finish it. Can u. If a nigger ur Jew confronts u in the street what then.,26,1,1
Hitler didn't finish it. Can u. If a nigger ur Jew confronts u in the street what then.,27,1,1
Hitler didn't finish it. Can u. If a nigger ur Jew confronts u in the street what then.,28,1,1
Hitler didn't finish it. Can u. If a nigger ur Jew confronts u in the street what then.,29,1,1
Hitler didn't finish it. Can u. If a nigger ur Jew confronts u in the street what then.,30,1,1
Hitler didn't finish it. Can u. If a nigger ur Jew confronts u in the street what then.,31,1,1
Hitler didn't finish it. Can u. If a nigger ur Jew confronts u in the street what then.,32,1,1
Hitler didn't finish it. Can u. If a nigger ur Jew confronts u in the street what then.,33,1,1
Hitler didn't finish it. Can u. If a nigger ur Jew confronts u in the street what then.,34,1,1
Hitler didn't finish it. Can u. If a nigger ur Jew confronts u in the street what then.,35,1,1
Hitler didn't finish it. Can u. If a nigger ur Jew confronts u in the street what then.,36,1,1
Hitler didn't finish it. Can u. If a nigger ur Jew confronts u in the street what then.,37,1,1
Hitler didn't finish it. Can u. If a nigger ur Jew confronts u in the street what then.,38,1,1
Hitler didn't finish it. Can u. If a nigger ur Jew confronts u in the street what then.,39,1,1
Hitler didn't finish it. Can u. If a nigger ur Jew confronts u in the street what then.,40,1,1
Hitler didn't finish it. Can u. If a nigger ur Jew confronts u in the street what then.,41,1,1
Hitler didn't finish it. Can u. If a nigger ur Jew confronts u in the street what then.,42,1,1
Hitler didn't finish it. Can u. If a nigger ur Jew confronts u in the street what then.,43,1,1
Hitler didn't finish it. Can u. If a nigger ur Jew confronts u in the street what then.,44,1,1
Hitler didn't finish it. Can u. If a nigger ur Jew confronts u in the street what then.,45,1,1
Hitler didn't finish it. Can u. If a nigger ur Jew confronts u in the street what then.,46,1,1
Hitler didn't finish it. Can u. If a nigger ur Jew confronts u in the street what then.,47,1,1
Hitler didn't finish it. Can u. If a nigger ur Jew confronts u in the street what then.,48,1,1
Hitler didn't finish it. Can u. If a nigger ur Jew confronts u in the street what then.,49,1,1
Hitler didn't finish it. Can u. If a nigger ur Jew confronts u in the street what then.,50,1,1
I love that you enjoy being trans.,1,0,0
I love that you enjoy being trans.,2,0,0
I love that you enjoy being trans.,3,0,0
I love that you enjoy being trans.,4,0,0
I love that you enjoy being trans.,5,0,0
I love that you enjoy being trans.,6,0,0
I love that you enjoy being trans.,7,0,0
I love that you enjoy being trans.,8,0,0
I love that you enjoy being trans.,9,0,0
I love that you enjoy being trans.,10,0,0
I love that you enjoy being trans.,11,0,0
I love that you enjoy being trans.,12,0,0
I love that you enjoy being trans.,13,0,0
I love that you enjoy being trans.,14,0,0
I love that you enjoy being trans.,15,0,0
I love that you enjoy being trans.,16,0,0
I love that you enjoy being trans.,17,0,0
I love that you enjoy being trans.,18,0,0
I love that you enjoy being trans.,19,0,0
I love that you enjoy being trans.,20,0,0
I love that you enjoy being trans.,21,0,0
I love that you enjoy being trans.,22,0,0
I love that you enjoy being trans.,23,0,0
I love that you enjoy being trans.,24,0,0
I love that you enjoy being trans.,25,0,0
I love that you enjoy being trans.,26,0,0
I love that you enjoy being trans.,27,0,0
I love that you enjoy being trans.,28,0,0
I love that you enjoy being trans.,29,0,0
I love that you enjoy being trans.,30,0,0
I love that you enjoy being trans.,31,0,0
I love that you enjoy being trans.,32,0,0
I love that you enjoy being trans.,33,0,0
I love that you enjoy being trans.,34,0,0
I love that you enjoy being trans.,35,0,0
I love that you enjoy being trans.,36,0,0
I love that you enjoy being trans.,37,0,0
I love that you enjoy being trans.,38,0,0
I love that you enjoy being trans.,39,0,0
I love that you enjoy being trans.,40,0,0
I love that you enjoy being trans.,41,0,0
I love that you enjoy being trans.,42,0,0
I love that you enjoy being trans.,43,0,0
I love that you enjoy being trans.,44,0,0
I love that you enjoy being trans.,45,0,0
I love that you enjoy being trans.,46,0,0
I love that you enjoy being trans.,47,0,0
I love that you enjoy being trans.,48,0,0
I love that you enjoy being trans.,49,0,0
I love that you enjoy being trans.,50,0,0
I've always been proud of the Igbo tribe and our culture. Yesterday made me even more proud. You people are too fine abeg. #OgbakoUmuIgboDay,1,0,0
I've always been proud of the Igbo tribe and our culture. Yesterday made me even more proud. You people are too fine abeg. #OgbakoUmuIgboDay,2,0,0
I've always been proud of the Igbo tribe and our culture. Yesterday made me even more proud. You people are too fine abeg. #OgbakoUmuIgboDay,3,0,0
I've always been proud of the Igbo tribe and our culture. Yesterday made me even more proud. You people are too fine abeg. #OgbakoUmuIgboDay,4,0,0
I've always been proud of the Igbo tribe and our culture. Yesterday made me even more proud. You people are too fine abeg. #OgbakoUmuIgboDay,5,0,0
I've always been proud of the Igbo tribe and our culture. Yesterday made me even more proud. You people are too fine abeg. #OgbakoUmuIgboDay,6,0,0
I've always been proud of the Igbo tribe and our culture. Yesterday made me even more proud. You people are too fine abeg. #OgbakoUmuIgboDay,7,0,0
I've always been proud of the Igbo tribe and our culture. Yesterday made me even more proud. You people are too fine abeg. #OgbakoUmuIgboDay,8,0,0
I've always been proud of the Igbo tribe and our culture. Yesterday made me even more proud. You people are too fine abeg. #OgbakoUmuIgboDay,9,0,0
I've always been proud of the Igbo tribe and our culture. Yesterday made me even more proud. You people are too fine abeg. #OgbakoUmuIgboDay,10,0,0
I've always been proud of the Igbo tribe and our culture. Yesterday made me even more proud. You people are too fine abeg. #OgbakoUmuIgboDay,11,0,0
I've always been proud of the Igbo tribe and our culture. Yesterday made me even more proud. You people are too fine abeg. #OgbakoUmuIgboDay,12,0,0
I've always been proud of the Igbo tribe and our culture. Yesterday made me even more proud. You people are too fine abeg. #OgbakoUmuIgboDay,13,0,0
I've always been proud of the Igbo tribe and our culture. Yesterday made me even more proud. You people are too fine abeg. #OgbakoUmuIgboDay,14,0,0
I've always been proud of the Igbo tribe and our culture. Yesterday made me even more proud. You people are too fine abeg. #OgbakoUmuIgboDay,15,0,0
I've always been proud of the Igbo tribe and our culture. Yesterday made me even more proud. You people are too fine abeg. #OgbakoUmuIgboDay,16,0,0
I've always been proud of the Igbo tribe and our culture. Yesterday made me even more proud. You people are too fine abeg. #OgbakoUmuIgboDay,17,0,0
I've always been proud of the Igbo tribe and our culture. Yesterday made me even more proud. You people are too fine abeg. #OgbakoUmuIgboDay,18,0,0
I've always been proud of the Igbo tribe and our culture. Yesterday made me even more proud. You people are too fine abeg. #OgbakoUmuIgboDay,19,0,0
I've always been proud of the Igbo tribe and our culture. Yesterday made me even more proud. You people are too fine abeg. #OgbakoUmuIgboDay,20,0,0
I've always been proud of the Igbo tribe and our culture. Yesterday made me even more proud. You people are too fine abeg. #OgbakoUmuIgboDay,21,0,0
I've always been proud of the Igbo tribe and our culture. Yesterday made me even more proud. You people are too fine abeg. #OgbakoUmuIgboDay,22,0,0
I've always been proud of the Igbo tribe and our culture. Yesterday made me even more proud. You people are too fine abeg. #OgbakoUmuIgboDay,23,0,0
I've always been proud of the Igbo tribe and our culture. Yesterday made me even more proud. You people are too fine abeg. #OgbakoUmuIgboDay,24,0,0
I've always been proud of the Igbo tribe and our culture. Yesterday made me even more proud. You people are too fine abeg. #OgbakoUmuIgboDay,25,0,0
I've always been proud of the Igbo tribe and our culture. Yesterday made me even more proud. You people are too fine abeg. #OgbakoUmuIgboDay,26,0,0
I've always been proud of the Igbo tribe and our culture. Yesterday made me even more proud. You people are too fine abeg. #OgbakoUmuIgboDay,27,0,0
I've always been proud of the Igbo tribe and our culture. Yesterday made me even more proud. You people are too fine abeg. #OgbakoUmuIgboDay,28,0,0
I've always been proud of the Igbo tribe and our culture. Yesterday made me even more proud. You people are too fine abeg. #OgbakoUmuIgboDay,29,0,0
I've always been proud of the Igbo tribe and our culture. Yesterday made me even more proud. You people are too fine abeg. #OgbakoUmuIgboDay,30,0,0
I've always been proud of the Igbo tribe and our culture. Yesterday made me even more proud. You people are too fine abeg. #OgbakoUmuIgboDay,31,0,0
I've always been proud of the Igbo tribe and our culture. Yesterday made me even more proud. You people are too fine abeg. #OgbakoUmuIgboDay,32,0,0
I've always been proud of the Igbo tribe and our culture. Yesterday made me even more proud. You people are too fine abeg. #OgbakoUmuIgboDay,33,0,0
I've always been proud of the Igbo tribe and our culture. Yesterday made me even more proud. You people are too fine abeg. #OgbakoUmuIgboDay,34,0,0
I've always been proud of the Igbo tribe and our culture. Yesterday made me even more proud. You people are too fine abeg. #OgbakoUmuIgboDay,35,0,0
I've always been proud of the Igbo tribe and our culture. Yesterday made me even more proud. You people are too fine abeg. #OgbakoUmuIgboDay,36,0,0
I've always been proud of the Igbo tribe and our culture. Yesterday made me even more proud. You people are too fine abeg. #OgbakoUmuIgboDay,37,0,0
I've always been proud of the Igbo tribe and our culture. Yesterday made me even more proud. You people are too fine abeg. #OgbakoUmuIgboDay,38,0,0
I've always been proud of the Igbo tribe and our culture. Yesterday made me even more proud. You people are too fine abeg. #OgbakoUmuIgboDay,39,0,0
I've always been proud of the Igbo tribe and our culture. Yesterday made me even more proud. You people are too fine abeg. #OgbakoUmuIgboDay,40,0,0
I've always been proud of the Igbo tribe and our culture. Yesterday made me even more proud. You people are too fine abeg. #OgbakoUmuIgboDay,41,0,0
I've always been proud of the Igbo tribe and our culture. Yesterday made me even more proud. You people are too fine abeg. #OgbakoUmuIgboDay,42,0,0
I've always been proud of the Igbo tribe and our culture. Yesterday made me even more proud. You people are too fine abeg. #OgbakoUmuIgboDay,43,0,0
I've always been proud of the Igbo tribe and our culture. Yesterday made me even more proud. You people are too fine abeg. #OgbakoUmuIgboDay,44,0,0
I've always been proud of the Igbo tribe and our culture. Yesterday made me even more proud. You people are too fine abeg. #OgbakoUmuIgboDay,45,0,0
I've always been proud of the Igbo tribe and our culture. Yesterday made me even more proud. You people are too fine abeg. #OgbakoUmuIgboDay,46,0,0
I've always been proud of the Igbo tribe and our culture. Yesterday made me even more proud. You people are too fine abeg. #OgbakoUmuIgboDay,47,0,0
I've always been proud of the Igbo tribe and our culture. Yesterday made me even more proud. You people are too fine abeg. #OgbakoUmuIgboDay,48,0,0
I've always been proud of the Igbo tribe and our culture. Yesterday made me even more proud. You people are too fine abeg. #OgbakoUmuIgboDay,49,0,0
I've always been proud of the Igbo tribe and our culture. Yesterday made me even more proud. You people are too fine abeg. #OgbakoUmuIgboDay,50,0,0
"It's just really pointless and insulting to people who actually experience racism by implying our society is in need of a reminder that being a white person is okay. Because I doubt one genuine look at history would leave anyone wondering if ""being white"" in the U.S. will be perceived as a problem.  The very concept of on a personal level being okay with the fact you were born with the skin color you were born with is of course not racist. But the statement just makes it seem like white people are at risk to become some sort of outcasts.",1,0,0
"It's just really pointless and insulting to people who actually experience racism by implying our society is in need of a reminder that being a white person is okay. Because I doubt one genuine look at history would leave anyone wondering if ""being white"" in the U.S. will be perceived as a problem.  The very concept of on a personal level being okay with the fact you were born with the skin color you were born with is of course not racist. But the statement just makes it seem like white people are at risk to become some sort of outcasts.",2,0,0
"It's just really pointless and insulting to people who actually experience racism by implying our society is in need of a reminder that being a white person is okay. Because I doubt one genuine look at history would leave anyone wondering if ""being white"" in the U.S. will be perceived as a problem.  The very concept of on a personal level being okay with the fact you were born with the skin color you were born with is of course not racist. But the statement just makes it seem like white people are at risk to become some sort of outcasts.",3,0,0
"It's just really pointless and insulting to people who actually experience racism by implying our society is in need of a reminder that being a white person is okay. Because I doubt one genuine look at history would leave anyone wondering if ""being white"" in the U.S. will be perceived as a problem.  The very concept of on a personal level being okay with the fact you were born with the skin color you were born with is of course not racist. But the statement just makes it seem like white people are at risk to become some sort of outcasts.",4,0,0
"It's just really pointless and insulting to people who actually experience racism by implying our society is in need of a reminder that being a white person is okay. Because I doubt one genuine look at history would leave anyone wondering if ""being white"" in the U.S. will be perceived as a problem.  The very concept of on a personal level being okay with the fact you were born with the skin color you were born with is of course not racist. But the statement just makes it seem like white people are at risk to become some sort of outcasts.",5,0,0
"It's just really pointless and insulting to people who actually experience racism by implying our society is in need of a reminder that being a white person is okay. Because I doubt one genuine look at history would leave anyone wondering if ""being white"" in the U.S. will be perceived as a problem.  The very concept of on a personal level being okay with the fact you were born with the skin color you were born with is of course not racist. But the statement just makes it seem like white people are at risk to become some sort of outcasts.",6,0,0
"It's just really pointless and insulting to people who actually experience racism by implying our society is in need of a reminder that being a white person is okay. Because I doubt one genuine look at history would leave anyone wondering if ""being white"" in the U.S. will be perceived as a problem.  The very concept of on a personal level being okay with the fact you were born with the skin color you were born with is of course not racist. But the statement just makes it seem like white people are at risk to become some sort of outcasts.",7,0,0
"It's just really pointless and insulting to people who actually experience racism by implying our society is in need of a reminder that being a white person is okay. Because I doubt one genuine look at history would leave anyone wondering if ""being white"" in the U.S. will be perceived as a problem.  The very concept of on a personal level being okay with the fact you were born with the skin color you were born with is of course not racist. But the statement just makes it seem like white people are at risk to become some sort of outcasts.",8,0,0
"It's just really pointless and insulting to people who actually experience racism by implying our society is in need of a reminder that being a white person is okay. Because I doubt one genuine look at history would leave anyone wondering if ""being white"" in the U.S. will be perceived as a problem.  The very concept of on a personal level being okay with the fact you were born with the skin color you were born with is of course not racist. But the statement just makes it seem like white people are at risk to become some sort of outcasts.",9,0,0
"It's just really pointless and insulting to people who actually experience racism by implying our society is in need of a reminder that being a white person is okay. Because I doubt one genuine look at history would leave anyone wondering if ""being white"" in the U.S. will be perceived as a problem.  The very concept of on a personal level being okay with the fact you were born with the skin color you were born with is of course not racist. But the statement just makes it seem like white people are at risk to become some sort of outcasts.",10,0,0
"It's just really pointless and insulting to people who actually experience racism by implying our society is in need of a reminder that being a white person is okay. Because I doubt one genuine look at history would leave anyone wondering if ""being white"" in the U.S. will be perceived as a problem.  The very concept of on a personal level being okay with the fact you were born with the skin color you were born with is of course not racist. But the statement just makes it seem like white people are at risk to become some sort of outcasts.",11,0,0
"It's just really pointless and insulting to people who actually experience racism by implying our society is in need of a reminder that being a white person is okay. Because I doubt one genuine look at history would leave anyone wondering if ""being white"" in the U.S. will be perceived as a problem.  The very concept of on a personal level being okay with the fact you were born with the skin color you were born with is of course not racist. But the statement just makes it seem like white people are at risk to become some sort of outcasts.",12,0,0
"It's just really pointless and insulting to people who actually experience racism by implying our society is in need of a reminder that being a white person is okay. Because I doubt one genuine look at history would leave anyone wondering if ""being white"" in the U.S. will be perceived as a problem.  The very concept of on a personal level being okay with the fact you were born with the skin color you were born with is of course not racist. But the statement just makes it seem like white people are at risk to become some sort of outcasts.",13,0,0
"It's just really pointless and insulting to people who actually experience racism by implying our society is in need of a reminder that being a white person is okay. Because I doubt one genuine look at history would leave anyone wondering if ""being white"" in the U.S. will be perceived as a problem.  The very concept of on a personal level being okay with the fact you were born with the skin color you were born with is of course not racist. But the statement just makes it seem like white people are at risk to become some sort of outcasts.",14,0,0
"It's just really pointless and insulting to people who actually experience racism by implying our society is in need of a reminder that being a white person is okay. Because I doubt one genuine look at history would leave anyone wondering if ""being white"" in the U.S. will be perceived as a problem.  The very concept of on a personal level being okay with the fact you were born with the skin color you were born with is of course not racist. But the statement just makes it seem like white people are at risk to become some sort of outcasts.",15,0,0
"It's just really pointless and insulting to people who actually experience racism by implying our society is in need of a reminder that being a white person is okay. Because I doubt one genuine look at history would leave anyone wondering if ""being white"" in the U.S. will be perceived as a problem.  The very concept of on a personal level being okay with the fact you were born with the skin color you were born with is of course not racist. But the statement just makes it seem like white people are at risk to become some sort of outcasts.",16,0,0
"It's just really pointless and insulting to people who actually experience racism by implying our society is in need of a reminder that being a white person is okay. Because I doubt one genuine look at history would leave anyone wondering if ""being white"" in the U.S. will be perceived as a problem.  The very concept of on a personal level being okay with the fact you were born with the skin color you were born with is of course not racist. But the statement just makes it seem like white people are at risk to become some sort of outcasts.",17,0,0
"It's just really pointless and insulting to people who actually experience racism by implying our society is in need of a reminder that being a white person is okay. Because I doubt one genuine look at history would leave anyone wondering if ""being white"" in the U.S. will be perceived as a problem.  The very concept of on a personal level being okay with the fact you were born with the skin color you were born with is of course not racist. But the statement just makes it seem like white people are at risk to become some sort of outcasts.",18,0,0
"It's just really pointless and insulting to people who actually experience racism by implying our society is in need of a reminder that being a white person is okay. Because I doubt one genuine look at history would leave anyone wondering if ""being white"" in the U.S. will be perceived as a problem.  The very concept of on a personal level being okay with the fact you were born with the skin color you were born with is of course not racist. But the statement just makes it seem like white people are at risk to become some sort of outcasts.",19,0,0
"It's just really pointless and insulting to people who actually experience racism by implying our society is in need of a reminder that being a white person is okay. Because I doubt one genuine look at history would leave anyone wondering if ""being white"" in the U.S. will be perceived as a problem.  The very concept of on a personal level being okay with the fact you were born with the skin color you were born with is of course not racist. But the statement just makes it seem like white people are at risk to become some sort of outcasts.",20,0,0
"It's just really pointless and insulting to people who actually experience racism by implying our society is in need of a reminder that being a white person is okay. Because I doubt one genuine look at history would leave anyone wondering if ""being white"" in the U.S. will be perceived as a problem.  The very concept of on a personal level being okay with the fact you were born with the skin color you were born with is of course not racist. But the statement just makes it seem like white people are at risk to become some sort of outcasts.",21,0,0
"It's just really pointless and insulting to people who actually experience racism by implying our society is in need of a reminder that being a white person is okay. Because I doubt one genuine look at history would leave anyone wondering if ""being white"" in the U.S. will be perceived as a problem.  The very concept of on a personal level being okay with the fact you were born with the skin color you were born with is of course not racist. But the statement just makes it seem like white people are at risk to become some sort of outcasts.",22,0,0
"It's just really pointless and insulting to people who actually experience racism by implying our society is in need of a reminder that being a white person is okay. Because I doubt one genuine look at history would leave anyone wondering if ""being white"" in the U.S. will be perceived as a problem.  The very concept of on a personal level being okay with the fact you were born with the skin color you were born with is of course not racist. But the statement just makes it seem like white people are at risk to become some sort of outcasts.",23,0,0
"It's just really pointless and insulting to people who actually experience racism by implying our society is in need of a reminder that being a white person is okay. Because I doubt one genuine look at history would leave anyone wondering if ""being white"" in the U.S. will be perceived as a problem.  The very concept of on a personal level being okay with the fact you were born with the skin color you were born with is of course not racist. But the statement just makes it seem like white people are at risk to become some sort of outcasts.",24,0,0
"It's just really pointless and insulting to people who actually experience racism by implying our society is in need of a reminder that being a white person is okay. Because I doubt one genuine look at history would leave anyone wondering if ""being white"" in the U.S. will be perceived as a problem.  The very concept of on a personal level being okay with the fact you were born with the skin color you were born with is of course not racist. But the statement just makes it seem like white people are at risk to become some sort of outcasts.",25,0,0
"It's just really pointless and insulting to people who actually experience racism by implying our society is in need of a reminder that being a white person is okay. Because I doubt one genuine look at history would leave anyone wondering if ""being white"" in the U.S. will be perceived as a problem.  The very concept of on a personal level being okay with the fact you were born with the skin color you were born with is of course not racist. But the statement just makes it seem like white people are at risk to become some sort of outcasts.",26,0,0
"It's just really pointless and insulting to people who actually experience racism by implying our society is in need of a reminder that being a white person is okay. Because I doubt one genuine look at history would leave anyone wondering if ""being white"" in the U.S. will be perceived as a problem.  The very concept of on a personal level being okay with the fact you were born with the skin color you were born with is of course not racist. But the statement just makes it seem like white people are at risk to become some sort of outcasts.",27,0,0
"It's just really pointless and insulting to people who actually experience racism by implying our society is in need of a reminder that being a white person is okay. Because I doubt one genuine look at history would leave anyone wondering if ""being white"" in the U.S. will be perceived as a problem.  The very concept of on a personal level being okay with the fact you were born with the skin color you were born with is of course not racist. But the statement just makes it seem like white people are at risk to become some sort of outcasts.",28,0,0
"It's just really pointless and insulting to people who actually experience racism by implying our society is in need of a reminder that being a white person is okay. Because I doubt one genuine look at history would leave anyone wondering if ""being white"" in the U.S. will be perceived as a problem.  The very concept of on a personal level being okay with the fact you were born with the skin color you were born with is of course not racist. But the statement just makes it seem like white people are at risk to become some sort of outcasts.",29,0,0
"It's just really pointless and insulting to people who actually experience racism by implying our society is in need of a reminder that being a white person is okay. Because I doubt one genuine look at history would leave anyone wondering if ""being white"" in the U.S. will be perceived as a problem.  The very concept of on a personal level being okay with the fact you were born with the skin color you were born with is of course not racist. But the statement just makes it seem like white people are at risk to become some sort of outcasts.",30,0,0
"It's just really pointless and insulting to people who actually experience racism by implying our society is in need of a reminder that being a white person is okay. Because I doubt one genuine look at history would leave anyone wondering if ""being white"" in the U.S. will be perceived as a problem.  The very concept of on a personal level being okay with the fact you were born with the skin color you were born with is of course not racist. But the statement just makes it seem like white people are at risk to become some sort of outcasts.",31,0,0
"It's just really pointless and insulting to people who actually experience racism by implying our society is in need of a reminder that being a white person is okay. Because I doubt one genuine look at history would leave anyone wondering if ""being white"" in the U.S. will be perceived as a problem.  The very concept of on a personal level being okay with the fact you were born with the skin color you were born with is of course not racist. But the statement just makes it seem like white people are at risk to become some sort of outcasts.",32,0,0
"It's just really pointless and insulting to people who actually experience racism by implying our society is in need of a reminder that being a white person is okay. Because I doubt one genuine look at history would leave anyone wondering if ""being white"" in the U.S. will be perceived as a problem.  The very concept of on a personal level being okay with the fact you were born with the skin color you were born with is of course not racist. But the statement just makes it seem like white people are at risk to become some sort of outcasts.",33,0,0
"It's just really pointless and insulting to people who actually experience racism by implying our society is in need of a reminder that being a white person is okay. Because I doubt one genuine look at history would leave anyone wondering if ""being white"" in the U.S. will be perceived as a problem.  The very concept of on a personal level being okay with the fact you were born with the skin color you were born with is of course not racist. But the statement just makes it seem like white people are at risk to become some sort of outcasts.",34,0,0
"It's just really pointless and insulting to people who actually experience racism by implying our society is in need of a reminder that being a white person is okay. Because I doubt one genuine look at history would leave anyone wondering if ""being white"" in the U.S. will be perceived as a problem.  The very concept of on a personal level being okay with the fact you were born with the skin color you were born with is of course not racist. But the statement just makes it seem like white people are at risk to become some sort of outcasts.",35,0,0
"It's just really pointless and insulting to people who actually experience racism by implying our society is in need of a reminder that being a white person is okay. Because I doubt one genuine look at history would leave anyone wondering if ""being white"" in the U.S. will be perceived as a problem.  The very concept of on a personal level being okay with the fact you were born with the skin color you were born with is of course not racist. But the statement just makes it seem like white people are at risk to become some sort of outcasts.",36,0,0
"It's just really pointless and insulting to people who actually experience racism by implying our society is in need of a reminder that being a white person is okay. Because I doubt one genuine look at history would leave anyone wondering if ""being white"" in the U.S. will be perceived as a problem.  The very concept of on a personal level being okay with the fact you were born with the skin color you were born with is of course not racist. But the statement just makes it seem like white people are at risk to become some sort of outcasts.",37,0,0
"It's just really pointless and insulting to people who actually experience racism by implying our society is in need of a reminder that being a white person is okay. Because I doubt one genuine look at history would leave anyone wondering if ""being white"" in the U.S. will be perceived as a problem.  The very concept of on a personal level being okay with the fact you were born with the skin color you were born with is of course not racist. But the statement just makes it seem like white people are at risk to become some sort of outcasts.",38,0,0
"It's just really pointless and insulting to people who actually experience racism by implying our society is in need of a reminder that being a white person is okay. Because I doubt one genuine look at history would leave anyone wondering if ""being white"" in the U.S. will be perceived as a problem.  The very concept of on a personal level being okay with the fact you were born with the skin color you were born with is of course not racist. But the statement just makes it seem like white people are at risk to become some sort of outcasts.",39,0,0
"It's just really pointless and insulting to people who actually experience racism by implying our society is in need of a reminder that being a white person is okay. Because I doubt one genuine look at history would leave anyone wondering if ""being white"" in the U.S. will be perceived as a problem.  The very concept of on a personal level being okay with the fact you were born with the skin color you were born with is of course not racist. But the statement just makes it seem like white people are at risk to become some sort of outcasts.",40,0,0
"It's just really pointless and insulting to people who actually experience racism by implying our society is in need of a reminder that being a white person is okay. Because I doubt one genuine look at history would leave anyone wondering if ""being white"" in the U.S. will be perceived as a problem.  The very concept of on a personal level being okay with the fact you were born with the skin color you were born with is of course not racist. But the statement just makes it seem like white people are at risk to become some sort of outcasts.",41,0,0
"It's just really pointless and insulting to people who actually experience racism by implying our society is in need of a reminder that being a white person is okay. Because I doubt one genuine look at history would leave anyone wondering if ""being white"" in the U.S. will be perceived as a problem.  The very concept of on a personal level being okay with the fact you were born with the skin color you were born with is of course not racist. But the statement just makes it seem like white people are at risk to become some sort of outcasts.",42,0,0
"It's just really pointless and insulting to people who actually experience racism by implying our society is in need of a reminder that being a white person is okay. Because I doubt one genuine look at history would leave anyone wondering if ""being white"" in the U.S. will be perceived as a problem.  The very concept of on a personal level being okay with the fact you were born with the skin color you were born with is of course not racist. But the statement just makes it seem like white people are at risk to become some sort of outcasts.",43,0,0
"It's just really pointless and insulting to people who actually experience racism by implying our society is in need of a reminder that being a white person is okay. Because I doubt one genuine look at history would leave anyone wondering if ""being white"" in the U.S. will be perceived as a problem.  The very concept of on a personal level being okay with the fact you were born with the skin color you were born with is of course not racist. But the statement just makes it seem like white people are at risk to become some sort of outcasts.",44,0,0
"It's just really pointless and insulting to people who actually experience racism by implying our society is in need of a reminder that being a white person is okay. Because I doubt one genuine look at history would leave anyone wondering if ""being white"" in the U.S. will be perceived as a problem.  The very concept of on a personal level being okay with the fact you were born with the skin color you were born with is of course not racist. But the statement just makes it seem like white people are at risk to become some sort of outcasts.",45,0,0
"It's just really pointless and insulting to people who actually experience racism by implying our society is in need of a reminder that being a white person is okay. Because I doubt one genuine look at history would leave anyone wondering if ""being white"" in the U.S. will be perceived as a problem.  The very concept of on a personal level being okay with the fact you were born with the skin color you were born with is of course not racist. But the statement just makes it seem like white people are at risk to become some sort of outcasts.",46,0,0
"It's just really pointless and insulting to people who actually experience racism by implying our society is in need of a reminder that being a white person is okay. Because I doubt one genuine look at history would leave anyone wondering if ""being white"" in the U.S. will be perceived as a problem.  The very concept of on a personal level being okay with the fact you were born with the skin color you were born with is of course not racist. But the statement just makes it seem like white people are at risk to become some sort of outcasts.",47,0,0
"It's just really pointless and insulting to people who actually experience racism by implying our society is in need of a reminder that being a white person is okay. Because I doubt one genuine look at history would leave anyone wondering if ""being white"" in the U.S. will be perceived as a problem.  The very concept of on a personal level being okay with the fact you were born with the skin color you were born with is of course not racist. But the statement just makes it seem like white people are at risk to become some sort of outcasts.",48,0,0
"It's just really pointless and insulting to people who actually experience racism by implying our society is in need of a reminder that being a white person is okay. Because I doubt one genuine look at history would leave anyone wondering if ""being white"" in the U.S. will be perceived as a problem.  The very concept of on a personal level being okay with the fact you were born with the skin color you were born with is of course not racist. But the statement just makes it seem like white people are at risk to become some sort of outcasts.",49,0,0
"It's just really pointless and insulting to people who actually experience racism by implying our society is in need of a reminder that being a white person is okay. Because I doubt one genuine look at history would leave anyone wondering if ""being white"" in the U.S. will be perceived as a problem.  The very concept of on a personal level being okay with the fact you were born with the skin color you were born with is of course not racist. But the statement just makes it seem like white people are at risk to become some sort of outcasts.",50,0,0
"JEW Get the fuck out of here you jewish son of a bitch, I'll rape your fucking family if you don't leave you semite bastard. I will shoot you if you return, because you're a dirty semite, I hope you choke on a fucking bagel, prick. Shalom. We Came In?",1,1,1
"JEW Get the fuck out of here you jewish son of a bitch, I'll rape your fucking family if you don't leave you semite bastard. I will shoot you if you return, because you're a dirty semite, I hope you choke on a fucking bagel, prick. Shalom. We Came In?",2,1,1
"JEW Get the fuck out of here you jewish son of a bitch, I'll rape your fucking family if you don't leave you semite bastard. I will shoot you if you return, because you're a dirty semite, I hope you choke on a fucking bagel, prick. Shalom. We Came In?",3,1,1
"JEW Get the fuck out of here you jewish son of a bitch, I'll rape your fucking family if you don't leave you semite bastard. I will shoot you if you return, because you're a dirty semite, I hope you choke on a fucking bagel, prick. Shalom. We Came In?",4,1,1
"JEW Get the fuck out of here you jewish son of a bitch, I'll rape your fucking family if you don't leave you semite bastard. I will shoot you if you return, because you're a dirty semite, I hope you choke on a fucking bagel, prick. Shalom. We Came In?",5,1,1
"JEW Get the fuck out of here you jewish son of a bitch, I'll rape your fucking family if you don't leave you semite bastard. I will shoot you if you return, because you're a dirty semite, I hope you choke on a fucking bagel, prick. Shalom. We Came In?",6,1,1
"JEW Get the fuck out of here you jewish son of a bitch, I'll rape your fucking family if you don't leave you semite bastard. I will shoot you if you return, because you're a dirty semite, I hope you choke on a fucking bagel, prick. Shalom. We Came In?",7,1,1
"JEW Get the fuck out of here you jewish son of a bitch, I'll rape your fucking family if you don't leave you semite bastard. I will shoot you if you return, because you're a dirty semite, I hope you choke on a fucking bagel, prick. Shalom. We Came In?",8,1,1
"JEW Get the fuck out of here you jewish son of a bitch, I'll rape your fucking family if you don't leave you semite bastard. I will shoot you if you return, because you're a dirty semite, I hope you choke on a fucking bagel, prick. Shalom. We Came In?",9,1,1
"JEW Get the fuck out of here you jewish son of a bitch, I'll rape your fucking family if you don't leave you semite bastard. I will shoot you if you return, because you're a dirty semite, I hope you choke on a fucking bagel, prick. Shalom. We Came In?",10,1,1
"JEW Get the fuck out of here you jewish son of a bitch, I'll rape your fucking family if you don't leave you semite bastard. I will shoot you if you return, because you're a dirty semite, I hope you choke on a fucking bagel, prick. Shalom. We Came In?",11,1,1
"JEW Get the fuck out of here you jewish son of a bitch, I'll rape your fucking family if you don't leave you semite bastard. I will shoot you if you return, because you're a dirty semite, I hope you choke on a fucking bagel, prick. Shalom. We Came In?",12,1,1
"JEW Get the fuck out of here you jewish son of a bitch, I'll rape your fucking family if you don't leave you semite bastard. I will shoot you if you return, because you're a dirty semite, I hope you choke on a fucking bagel, prick. Shalom. We Came In?",13,1,1
"JEW Get the fuck out of here you jewish son of a bitch, I'll rape your fucking family if you don't leave you semite bastard. I will shoot you if you return, because you're a dirty semite, I hope you choke on a fucking bagel, prick. Shalom. We Came In?",14,1,1
"JEW Get the fuck out of here you jewish son of a bitch, I'll rape your fucking family if you don't leave you semite bastard. I will shoot you if you return, because you're a dirty semite, I hope you choke on a fucking bagel, prick. Shalom. We Came In?",15,1,1
"JEW Get the fuck out of here you jewish son of a bitch, I'll rape your fucking family if you don't leave you semite bastard. I will shoot you if you return, because you're a dirty semite, I hope you choke on a fucking bagel, prick. Shalom. We Came In?",16,1,1
"JEW Get the fuck out of here you jewish son of a bitch, I'll rape your fucking family if you don't leave you semite bastard. I will shoot you if you return, because you're a dirty semite, I hope you choke on a fucking bagel, prick. Shalom. We Came In?",17,1,1
"JEW Get the fuck out of here you jewish son of a bitch, I'll rape your fucking family if you don't leave you semite bastard. I will shoot you if you return, because you're a dirty semite, I hope you choke on a fucking bagel, prick. Shalom. We Came In?",18,1,1
"JEW Get the fuck out of here you jewish son of a bitch, I'll rape your fucking family if you don't leave you semite bastard. I will shoot you if you return, because you're a dirty semite, I hope you choke on a fucking bagel, prick. Shalom. We Came In?",19,1,1
"JEW Get the fuck out of here you jewish son of a bitch, I'll rape your fucking family if you don't leave you semite bastard. I will shoot you if you return, because you're a dirty semite, I hope you choke on a fucking bagel, prick. Shalom. We Came In?",20,1,1
"JEW Get the fuck out of here you jewish son of a bitch, I'll rape your fucking family if you don't leave you semite bastard. I will shoot you if you return, because you're a dirty semite, I hope you choke on a fucking bagel, prick. Shalom. We Came In?",21,1,1
"JEW Get the fuck out of here you jewish son of a bitch, I'll rape your fucking family if you don't leave you semite bastard. I will shoot you if you return, because you're a dirty semite, I hope you choke on a fucking bagel, prick. Shalom. We Came In?",22,1,1
"JEW Get the fuck out of here you jewish son of a bitch, I'll rape your fucking family if you don't leave you semite bastard. I will shoot you if you return, because you're a dirty semite, I hope you choke on a fucking bagel, prick. Shalom. We Came In?",23,1,1
"JEW Get the fuck out of here you jewish son of a bitch, I'll rape your fucking family if you don't leave you semite bastard. I will shoot you if you return, because you're a dirty semite, I hope you choke on a fucking bagel, prick. Shalom. We Came In?",24,1,1
"JEW Get the fuck out of here you jewish son of a bitch, I'll rape your fucking family if you don't leave you semite bastard. I will shoot you if you return, because you're a dirty semite, I hope you choke on a fucking bagel, prick. Shalom. We Came In?",25,1,1
"JEW Get the fuck out of here you jewish son of a bitch, I'll rape your fucking family if you don't leave you semite bastard. I will shoot you if you return, because you're a dirty semite, I hope you choke on a fucking bagel, prick. Shalom. We Came In?",26,1,1
"JEW Get the fuck out of here you jewish son of a bitch, I'll rape your fucking family if you don't leave you semite bastard. I will shoot you if you return, because you're a dirty semite, I hope you choke on a fucking bagel, prick. Shalom. We Came In?",27,1,1
"JEW Get the fuck out of here you jewish son of a bitch, I'll rape your fucking family if you don't leave you semite bastard. I will shoot you if you return, because you're a dirty semite, I hope you choke on a fucking bagel, prick. Shalom. We Came In?",28,1,1
"JEW Get the fuck out of here you jewish son of a bitch, I'll rape your fucking family if you don't leave you semite bastard. I will shoot you if you return, because you're a dirty semite, I hope you choke on a fucking bagel, prick. Shalom. We Came In?",29,1,1
"JEW Get the fuck out of here you jewish son of a bitch, I'll rape your fucking family if you don't leave you semite bastard. I will shoot you if you return, because you're a dirty semite, I hope you choke on a fucking bagel, prick. Shalom. We Came In?",30,1,1
"JEW Get the fuck out of here you jewish son of a bitch, I'll rape your fucking family if you don't leave you semite bastard. I will shoot you if you return, because you're a dirty semite, I hope you choke on a fucking bagel, prick. Shalom. We Came In?",31,1,1
"JEW Get the fuck out of here you jewish son of a bitch, I'll rape your fucking family if you don't leave you semite bastard. I will shoot you if you return, because you're a dirty semite, I hope you choke on a fucking bagel, prick. Shalom. We Came In?",32,1,1
"JEW Get the fuck out of here you jewish son of a bitch, I'll rape your fucking family if you don't leave you semite bastard. I will shoot you if you return, because you're a dirty semite, I hope you choke on a fucking bagel, prick. Shalom. We Came In?",33,1,1
"JEW Get the fuck out of here you jewish son of a bitch, I'll rape your fucking family if you don't leave you semite bastard. I will shoot you if you return, because you're a dirty semite, I hope you choke on a fucking bagel, prick. Shalom. We Came In?",34,1,1
"JEW Get the fuck out of here you jewish son of a bitch, I'll rape your fucking family if you don't leave you semite bastard. I will shoot you if you return, because you're a dirty semite, I hope you choke on a fucking bagel, prick. Shalom. We Came In?",35,1,1
"JEW Get the fuck out of here you jewish son of a bitch, I'll rape your fucking family if you don't leave you semite bastard. I will shoot you if you return, because you're a dirty semite, I hope you choke on a fucking bagel, prick. Shalom. We Came In?",36,1,1
"JEW Get the fuck out of here you jewish son of a bitch, I'll rape your fucking family if you don't leave you semite bastard. I will shoot you if you return, because you're a dirty semite, I hope you choke on a fucking bagel, prick. Shalom. We Came In?",37,1,1
"JEW Get the fuck out of here you jewish son of a bitch, I'll rape your fucking family if you don't leave you semite bastard. I will shoot you if you return, because you're a dirty semite, I hope you choke on a fucking bagel, prick. Shalom. We Came In?",38,1,1
"JEW Get the fuck out of here you jewish son of a bitch, I'll rape your fucking family if you don't leave you semite bastard. I will shoot you if you return, because you're a dirty semite, I hope you choke on a fucking bagel, prick. Shalom. We Came In?",39,1,1
"JEW Get the fuck out of here you jewish son of a bitch, I'll rape your fucking family if you don't leave you semite bastard. I will shoot you if you return, because you're a dirty semite, I hope you choke on a fucking bagel, prick. Shalom. We Came In?",40,1,1
"JEW Get the fuck out of here you jewish son of a bitch, I'll rape your fucking family if you don't leave you semite bastard. I will shoot you if you return, because you're a dirty semite, I hope you choke on a fucking bagel, prick. Shalom. We Came In?",41,1,1
"JEW Get the fuck out of here you jewish son of a bitch, I'll rape your fucking family if you don't leave you semite bastard. I will shoot you if you return, because you're a dirty semite, I hope you choke on a fucking bagel, prick. Shalom. We Came In?",42,1,1
"JEW Get the fuck out of here you jewish son of a bitch, I'll rape your fucking family if you don't leave you semite bastard. I will shoot you if you return, because you're a dirty semite, I hope you choke on a fucking bagel, prick. Shalom. We Came In?",43,1,1
"JEW Get the fuck out of here you jewish son of a bitch, I'll rape your fucking family if you don't leave you semite bastard. I will shoot you if you return, because you're a dirty semite, I hope you choke on a fucking bagel, prick. Shalom. We Came In?",44,1,1
"JEW Get the fuck out of here you jewish son of a bitch, I'll rape your fucking family if you don't leave you semite bastard. I will shoot you if you return, because you're a dirty semite, I hope you choke on a fucking bagel, prick. Shalom. We Came In?",45,1,1
"JEW Get the fuck out of here you jewish son of a bitch, I'll rape your fucking family if you don't leave you semite bastard. I will shoot you if you return, because you're a dirty semite, I hope you choke on a fucking bagel, prick. Shalom. We Came In?",46,1,1
"JEW Get the fuck out of here you jewish son of a bitch, I'll rape your fucking family if you don't leave you semite bastard. I will shoot you if you return, because you're a dirty semite, I hope you choke on a fucking bagel, prick. Shalom. We Came In?",47,1,1
"JEW Get the fuck out of here you jewish son of a bitch, I'll rape your fucking family if you don't leave you semite bastard. I will shoot you if you return, because you're a dirty semite, I hope you choke on a fucking bagel, prick. Shalom. We Came In?",48,1,1
"JEW Get the fuck out of here you jewish son of a bitch, I'll rape your fucking family if you don't leave you semite bastard. I will shoot you if you return, because you're a dirty semite, I hope you choke on a fucking bagel, prick. Shalom. We Came In?",49,1,1
"JEW Get the fuck out of here you jewish son of a bitch, I'll rape your fucking family if you don't leave you semite bastard. I will shoot you if you return, because you're a dirty semite, I hope you choke on a fucking bagel, prick. Shalom. We Came In?",50,1,1
Lailat al Miraj mubarak to all Muslims.. I'm wishing for everyone's peace & prosperity🤲🏻,1,0,0
Lailat al Miraj mubarak to all Muslims.. I'm wishing for everyone's peace & prosperity🤲🏻,2,0,0
Lailat al Miraj mubarak to all Muslims.. I'm wishing for everyone's peace & prosperity🤲🏻,3,0,0
Lailat al Miraj mubarak to all Muslims.. I'm wishing for everyone's peace & prosperity🤲🏻,4,0,0
Lailat al Miraj mubarak to all Muslims.. I'm wishing for everyone's peace & prosperity🤲🏻,5,0,0
Lailat al Miraj mubarak to all Muslims.. I'm wishing for everyone's peace & prosperity🤲🏻,6,0,0
Lailat al Miraj mubarak to all Muslims.. I'm wishing for everyone's peace & prosperity🤲🏻,7,0,0
Lailat al Miraj mubarak to all Muslims.. I'm wishing for everyone's peace & prosperity🤲🏻,8,0,0
Lailat al Miraj mubarak to all Muslims.. I'm wishing for everyone's peace & prosperity🤲🏻,9,0,0
Lailat al Miraj mubarak to all Muslims.. I'm wishing for everyone's peace & prosperity🤲🏻,10,0,0
Lailat al Miraj mubarak to all Muslims.. I'm wishing for everyone's peace & prosperity🤲🏻,11,0,0
Lailat al Miraj mubarak to all Muslims.. I'm wishing for everyone's peace & prosperity🤲🏻,12,0,0
Lailat al Miraj mubarak to all Muslims.. I'm wishing for everyone's peace & prosperity🤲🏻,13,0,0
Lailat al Miraj mubarak to all Muslims.. I'm wishing for everyone's peace & prosperity🤲🏻,14,0,0
Lailat al Miraj mubarak to all Muslims.. I'm wishing for everyone's peace & prosperity🤲🏻,15,0,0
Lailat al Miraj mubarak to all Muslims.. I'm wishing for everyone's peace & prosperity🤲🏻,16,0,0
Lailat al Miraj mubarak to all Muslims.. I'm wishing for everyone's peace & prosperity🤲🏻,17,0,0
Lailat al Miraj mubarak to all Muslims.. I'm wishing for everyone's peace & prosperity🤲🏻,18,0,0
Lailat al Miraj mubarak to all Muslims.. I'm wishing for everyone's peace & prosperity🤲🏻,19,0,0
Lailat al Miraj mubarak to all Muslims.. I'm wishing for everyone's peace & prosperity🤲🏻,20,0,0
Lailat al Miraj mubarak to all Muslims.. I'm wishing for everyone's peace & prosperity🤲🏻,21,0,0
Lailat al Miraj mubarak to all Muslims.. I'm wishing for everyone's peace & prosperity🤲🏻,22,0,0
Lailat al Miraj mubarak to all Muslims.. I'm wishing for everyone's peace & prosperity🤲🏻,23,0,0
Lailat al Miraj mubarak to all Muslims.. I'm wishing for everyone's peace & prosperity🤲🏻,24,0,0
Lailat al Miraj mubarak to all Muslims.. I'm wishing for everyone's peace & prosperity🤲🏻,25,0,0
Lailat al Miraj mubarak to all Muslims.. I'm wishing for everyone's peace & prosperity🤲🏻,26,0,0
Lailat al Miraj mubarak to all Muslims.. I'm wishing for everyone's peace & prosperity🤲🏻,27,0,0
Lailat al Miraj mubarak to all Muslims.. I'm wishing for everyone's peace & prosperity🤲🏻,28,0,0
Lailat al Miraj mubarak to all Muslims.. I'm wishing for everyone's peace & prosperity🤲🏻,29,0,0
Lailat al Miraj mubarak to all Muslims.. I'm wishing for everyone's peace & prosperity🤲🏻,30,0,0
Lailat al Miraj mubarak to all Muslims.. I'm wishing for everyone's peace & prosperity🤲🏻,31,0,0
Lailat al Miraj mubarak to all Muslims.. I'm wishing for everyone's peace & prosperity🤲🏻,32,0,0
Lailat al Miraj mubarak to all Muslims.. I'm wishing for everyone's peace & prosperity🤲🏻,33,0,0
Lailat al Miraj mubarak to all Muslims.. I'm wishing for everyone's peace & prosperity🤲🏻,34,0,0
Lailat al Miraj mubarak to all Muslims.. I'm wishing for everyone's peace & prosperity🤲🏻,35,0,0
Lailat al Miraj mubarak to all Muslims.. I'm wishing for everyone's peace & prosperity🤲🏻,36,0,0
Lailat al Miraj mubarak to all Muslims.. I'm wishing for everyone's peace & prosperity🤲🏻,37,0,0
Lailat al Miraj mubarak to all Muslims.. I'm wishing for everyone's peace & prosperity🤲🏻,38,0,0
Lailat al Miraj mubarak to all Muslims.. I'm wishing for everyone's peace & prosperity🤲🏻,39,0,0
Lailat al Miraj mubarak to all Muslims.. I'm wishing for everyone's peace & prosperity🤲🏻,40,0,0
Lailat al Miraj mubarak to all Muslims.. I'm wishing for everyone's peace & prosperity🤲🏻,41,0,0
Lailat al Miraj mubarak to all Muslims.. I'm wishing for everyone's peace & prosperity🤲🏻,42,0,0
Lailat al Miraj mubarak to all Muslims.. I'm wishing for everyone's peace & prosperity🤲🏻,43,0,0
Lailat al Miraj mubarak to all Muslims.. I'm wishing for everyone's peace & prosperity🤲🏻,44,0,0
Lailat al Miraj mubarak to all Muslims.. I'm wishing for everyone's peace & prosperity🤲🏻,45,0,0
Lailat al Miraj mubarak to all Muslims.. I'm wishing for everyone's peace & prosperity🤲🏻,46,0,0
Lailat al Miraj mubarak to all Muslims.. I'm wishing for everyone's peace & prosperity🤲🏻,47,0,0
Lailat al Miraj mubarak to all Muslims.. I'm wishing for everyone's peace & prosperity🤲🏻,48,0,0
Lailat al Miraj mubarak to all Muslims.. I'm wishing for everyone's peace & prosperity🤲🏻,49,0,0
Lailat al Miraj mubarak to all Muslims.. I'm wishing for everyone's peace & prosperity🤲🏻,50,0,0
Looks like a nigger with their typical retarded haircuts,1,1,1
Looks like a nigger with their typical retarded haircuts,2,1,1
Looks like a nigger with their typical retarded haircuts,3,1,1
Looks like a nigger with their typical retarded haircuts,4,1,1
Looks like a nigger with their typical retarded haircuts,5,1,1
Looks like a nigger with their typical retarded haircuts,6,1,1
Looks like a nigger with their typical retarded haircuts,7,1,1
Looks like a nigger with their typical retarded haircuts,8,1,1
Looks like a nigger with their typical retarded haircuts,9,1,1
Looks like a nigger with their typical retarded haircuts,10,1,1
Looks like a nigger with their typical retarded haircuts,11,1,1
Looks like a nigger with their typical retarded haircuts,12,1,1
Looks like a nigger with their typical retarded haircuts,13,1,1
Looks like a nigger with their typical retarded haircuts,14,1,1
Looks like a nigger with their typical retarded haircuts,15,1,1
Looks like a nigger with their typical retarded haircuts,16,1,1
Looks like a nigger with their typical retarded haircuts,17,1,1
Looks like a nigger with their typical retarded haircuts,18,1,1
Looks like a nigger with their typical retarded haircuts,19,1,1
Looks like a nigger with their typical retarded haircuts,20,1,1
Looks like a nigger with their typical retarded haircuts,21,1,1
Looks like a nigger with their typical retarded haircuts,22,1,1
Looks like a nigger with their typical retarded haircuts,23,1,1
Looks like a nigger with their typical retarded haircuts,24,1,1
Looks like a nigger with their typical retarded haircuts,25,1,1
Looks like a nigger with their typical retarded haircuts,26,1,1
Looks like a nigger with their typical retarded haircuts,27,1,1
Looks like a nigger with their typical retarded haircuts,28,1,1
Looks like a nigger with their typical retarded haircuts,29,1,1
Looks like a nigger with their typical retarded haircuts,30,1,1
Looks like a nigger with their typical retarded haircuts,31,1,1
Looks like a nigger with their typical retarded haircuts,32,1,1
Looks like a nigger with their typical retarded haircuts,33,1,1
Looks like a nigger with their typical retarded haircuts,34,1,1
Looks like a nigger with their typical retarded haircuts,35,1,1
Looks like a nigger with their typical retarded haircuts,36,1,1
Looks like a nigger with their typical retarded haircuts,37,1,1
Looks like a nigger with their typical retarded haircuts,38,1,1
Looks like a nigger with their typical retarded haircuts,39,1,1
Looks like a nigger with their typical retarded haircuts,40,1,1
Looks like a nigger with their typical retarded haircuts,41,1,1
Looks like a nigger with their typical retarded haircuts,42,1,1
Looks like a nigger with their typical retarded haircuts,43,1,1
Looks like a nigger with their typical retarded haircuts,44,1,1
Looks like a nigger with their typical retarded haircuts,45,1,1
Looks like a nigger with their typical retarded haircuts,46,1,1
Looks like a nigger with their typical retarded haircuts,47,1,1
Looks like a nigger with their typical retarded haircuts,48,1,1
Looks like a nigger with their typical retarded haircuts,49,1,1
Looks like a nigger with their typical retarded haircuts,50,1,1
"Men are still ten times more likely to die on the job. As we get more ""equality"", I don't see women taking dangerous jobs from men. Women are taking safe jobs from men so even more men will die on the job. If we were to have a another Vietnam (60,000 killed), 97% will be men. Men die earlier than women, but spending on woman's healthcare research (breast, ovarian cancer etc.) is four (4) times greater than the sending on mens healthcare research (prostate, testicular cancer etc.). The list goes on.",1,0,0
"Men are still ten times more likely to die on the job. As we get more ""equality"", I don't see women taking dangerous jobs from men. Women are taking safe jobs from men so even more men will die on the job. If we were to have a another Vietnam (60,000 killed), 97% will be men. Men die earlier than women, but spending on woman's healthcare research (breast, ovarian cancer etc.) is four (4) times greater than the sending on mens healthcare research (prostate, testicular cancer etc.). The list goes on.",2,0,1
"Men are still ten times more likely to die on the job. As we get more ""equality"", I don't see women taking dangerous jobs from men. Women are taking safe jobs from men so even more men will die on the job. If we were to have a another Vietnam (60,000 killed), 97% will be men. Men die earlier than women, but spending on woman's healthcare research (breast, ovarian cancer etc.) is four (4) times greater than the sending on mens healthcare research (prostate, testicular cancer etc.). The list goes on.",3,0,0
"Men are still ten times more likely to die on the job. As we get more ""equality"", I don't see women taking dangerous jobs from men. Women are taking safe jobs from men so even more men will die on the job. If we were to have a another Vietnam (60,000 killed), 97% will be men. Men die earlier than women, but spending on woman's healthcare research (breast, ovarian cancer etc.) is four (4) times greater than the sending on mens healthcare research (prostate, testicular cancer etc.). The list goes on.",4,0,0
"Men are still ten times more likely to die on the job. As we get more ""equality"", I don't see women taking dangerous jobs from men. Women are taking safe jobs from men so even more men will die on the job. If we were to have a another Vietnam (60,000 killed), 97% will be men. Men die earlier than women, but spending on woman's healthcare research (breast, ovarian cancer etc.) is four (4) times greater than the sending on mens healthcare research (prostate, testicular cancer etc.). The list goes on.",5,0,0
"Men are still ten times more likely to die on the job. As we get more ""equality"", I don't see women taking dangerous jobs from men. Women are taking safe jobs from men so even more men will die on the job. If we were to have a another Vietnam (60,000 killed), 97% will be men. Men die earlier than women, but spending on woman's healthcare research (breast, ovarian cancer etc.) is four (4) times greater than the sending on mens healthcare research (prostate, testicular cancer etc.). The list goes on.",6,0,0
"Men are still ten times more likely to die on the job. As we get more ""equality"", I don't see women taking dangerous jobs from men. Women are taking safe jobs from men so even more men will die on the job. If we were to have a another Vietnam (60,000 killed), 97% will be men. Men die earlier than women, but spending on woman's healthcare research (breast, ovarian cancer etc.) is four (4) times greater than the sending on mens healthcare research (prostate, testicular cancer etc.). The list goes on.",7,0,1
"Men are still ten times more likely to die on the job. As we get more ""equality"", I don't see women taking dangerous jobs from men. Women are taking safe jobs from men so even more men will die on the job. If we were to have a another Vietnam (60,000 killed), 97% will be men. Men die earlier than women, but spending on woman's healthcare research (breast, ovarian cancer etc.) is four (4) times greater than the sending on mens healthcare research (prostate, testicular cancer etc.). The list goes on.",8,0,1
"Men are still ten times more likely to die on the job. As we get more ""equality"", I don't see women taking dangerous jobs from men. Women are taking safe jobs from men so even more men will die on the job. If we were to have a another Vietnam (60,000 killed), 97% will be men. Men die earlier than women, but spending on woman's healthcare research (breast, ovarian cancer etc.) is four (4) times greater than the sending on mens healthcare research (prostate, testicular cancer etc.). The list goes on.",9,0,0
"Men are still ten times more likely to die on the job. As we get more ""equality"", I don't see women taking dangerous jobs from men. Women are taking safe jobs from men so even more men will die on the job. If we were to have a another Vietnam (60,000 killed), 97% will be men. Men die earlier than women, but spending on woman's healthcare research (breast, ovarian cancer etc.) is four (4) times greater than the sending on mens healthcare research (prostate, testicular cancer etc.). The list goes on.",10,0,0
"Men are still ten times more likely to die on the job. As we get more ""equality"", I don't see women taking dangerous jobs from men. Women are taking safe jobs from men so even more men will die on the job. If we were to have a another Vietnam (60,000 killed), 97% will be men. Men die earlier than women, but spending on woman's healthcare research (breast, ovarian cancer etc.) is four (4) times greater than the sending on mens healthcare research (prostate, testicular cancer etc.). The list goes on.",11,0,0
"Men are still ten times more likely to die on the job. As we get more ""equality"", I don't see women taking dangerous jobs from men. Women are taking safe jobs from men so even more men will die on the job. If we were to have a another Vietnam (60,000 killed), 97% will be men. Men die earlier than women, but spending on woman's healthcare research (breast, ovarian cancer etc.) is four (4) times greater than the sending on mens healthcare research (prostate, testicular cancer etc.). The list goes on.",12,0,1
"Men are still ten times more likely to die on the job. As we get more ""equality"", I don't see women taking dangerous jobs from men. Women are taking safe jobs from men so even more men will die on the job. If we were to have a another Vietnam (60,000 killed), 97% will be men. Men die earlier than women, but spending on woman's healthcare research (breast, ovarian cancer etc.) is four (4) times greater than the sending on mens healthcare research (prostate, testicular cancer etc.). The list goes on.",13,0,0
"Men are still ten times more likely to die on the job. As we get more ""equality"", I don't see women taking dangerous jobs from men. Women are taking safe jobs from men so even more men will die on the job. If we were to have a another Vietnam (60,000 killed), 97% will be men. Men die earlier than women, but spending on woman's healthcare research (breast, ovarian cancer etc.) is four (4) times greater than the sending on mens healthcare research (prostate, testicular cancer etc.). The list goes on.",14,0,0
"Men are still ten times more likely to die on the job. As we get more ""equality"", I don't see women taking dangerous jobs from men. Women are taking safe jobs from men so even more men will die on the job. If we were to have a another Vietnam (60,000 killed), 97% will be men. Men die earlier than women, but spending on woman's healthcare research (breast, ovarian cancer etc.) is four (4) times greater than the sending on mens healthcare research (prostate, testicular cancer etc.). The list goes on.",15,0,0
"Men are still ten times more likely to die on the job. As we get more ""equality"", I don't see women taking dangerous jobs from men. Women are taking safe jobs from men so even more men will die on the job. If we were to have a another Vietnam (60,000 killed), 97% will be men. Men die earlier than women, but spending on woman's healthcare research (breast, ovarian cancer etc.) is four (4) times greater than the sending on mens healthcare research (prostate, testicular cancer etc.). The list goes on.",16,0,0
"Men are still ten times more likely to die on the job. As we get more ""equality"", I don't see women taking dangerous jobs from men. Women are taking safe jobs from men so even more men will die on the job. If we were to have a another Vietnam (60,000 killed), 97% will be men. Men die earlier than women, but spending on woman's healthcare research (breast, ovarian cancer etc.) is four (4) times greater than the sending on mens healthcare research (prostate, testicular cancer etc.). The list goes on.",17,0,1
"Men are still ten times more likely to die on the job. As we get more ""equality"", I don't see women taking dangerous jobs from men. Women are taking safe jobs from men so even more men will die on the job. If we were to have a another Vietnam (60,000 killed), 97% will be men. Men die earlier than women, but spending on woman's healthcare research (breast, ovarian cancer etc.) is four (4) times greater than the sending on mens healthcare research (prostate, testicular cancer etc.). The list goes on.",18,0,0
"Men are still ten times more likely to die on the job. As we get more ""equality"", I don't see women taking dangerous jobs from men. Women are taking safe jobs from men so even more men will die on the job. If we were to have a another Vietnam (60,000 killed), 97% will be men. Men die earlier than women, but spending on woman's healthcare research (breast, ovarian cancer etc.) is four (4) times greater than the sending on mens healthcare research (prostate, testicular cancer etc.). The list goes on.",19,0,1
"Men are still ten times more likely to die on the job. As we get more ""equality"", I don't see women taking dangerous jobs from men. Women are taking safe jobs from men so even more men will die on the job. If we were to have a another Vietnam (60,000 killed), 97% will be men. Men die earlier than women, but spending on woman's healthcare research (breast, ovarian cancer etc.) is four (4) times greater than the sending on mens healthcare research (prostate, testicular cancer etc.). The list goes on.",20,0,0
"Men are still ten times more likely to die on the job. As we get more ""equality"", I don't see women taking dangerous jobs from men. Women are taking safe jobs from men so even more men will die on the job. If we were to have a another Vietnam (60,000 killed), 97% will be men. Men die earlier than women, but spending on woman's healthcare research (breast, ovarian cancer etc.) is four (4) times greater than the sending on mens healthcare research (prostate, testicular cancer etc.). The list goes on.",21,0,1
"Men are still ten times more likely to die on the job. As we get more ""equality"", I don't see women taking dangerous jobs from men. Women are taking safe jobs from men so even more men will die on the job. If we were to have a another Vietnam (60,000 killed), 97% will be men. Men die earlier than women, but spending on woman's healthcare research (breast, ovarian cancer etc.) is four (4) times greater than the sending on mens healthcare research (prostate, testicular cancer etc.). The list goes on.",22,0,0
"Men are still ten times more likely to die on the job. As we get more ""equality"", I don't see women taking dangerous jobs from men. Women are taking safe jobs from men so even more men will die on the job. If we were to have a another Vietnam (60,000 killed), 97% will be men. Men die earlier than women, but spending on woman's healthcare research (breast, ovarian cancer etc.) is four (4) times greater than the sending on mens healthcare research (prostate, testicular cancer etc.). The list goes on.",23,0,1
"Men are still ten times more likely to die on the job. As we get more ""equality"", I don't see women taking dangerous jobs from men. Women are taking safe jobs from men so even more men will die on the job. If we were to have a another Vietnam (60,000 killed), 97% will be men. Men die earlier than women, but spending on woman's healthcare research (breast, ovarian cancer etc.) is four (4) times greater than the sending on mens healthcare research (prostate, testicular cancer etc.). The list goes on.",24,0,0
"Men are still ten times more likely to die on the job. As we get more ""equality"", I don't see women taking dangerous jobs from men. Women are taking safe jobs from men so even more men will die on the job. If we were to have a another Vietnam (60,000 killed), 97% will be men. Men die earlier than women, but spending on woman's healthcare research (breast, ovarian cancer etc.) is four (4) times greater than the sending on mens healthcare research (prostate, testicular cancer etc.). The list goes on.",25,0,0
"Men are still ten times more likely to die on the job. As we get more ""equality"", I don't see women taking dangerous jobs from men. Women are taking safe jobs from men so even more men will die on the job. If we were to have a another Vietnam (60,000 killed), 97% will be men. Men die earlier than women, but spending on woman's healthcare research (breast, ovarian cancer etc.) is four (4) times greater than the sending on mens healthcare research (prostate, testicular cancer etc.). The list goes on.",26,0,0
"Men are still ten times more likely to die on the job. As we get more ""equality"", I don't see women taking dangerous jobs from men. Women are taking safe jobs from men so even more men will die on the job. If we were to have a another Vietnam (60,000 killed), 97% will be men. Men die earlier than women, but spending on woman's healthcare research (breast, ovarian cancer etc.) is four (4) times greater than the sending on mens healthcare research (prostate, testicular cancer etc.). The list goes on.",27,0,0
"Men are still ten times more likely to die on the job. As we get more ""equality"", I don't see women taking dangerous jobs from men. Women are taking safe jobs from men so even more men will die on the job. If we were to have a another Vietnam (60,000 killed), 97% will be men. Men die earlier than women, but spending on woman's healthcare research (breast, ovarian cancer etc.) is four (4) times greater than the sending on mens healthcare research (prostate, testicular cancer etc.). The list goes on.",28,0,0
"Men are still ten times more likely to die on the job. As we get more ""equality"", I don't see women taking dangerous jobs from men. Women are taking safe jobs from men so even more men will die on the job. If we were to have a another Vietnam (60,000 killed), 97% will be men. Men die earlier than women, but spending on woman's healthcare research (breast, ovarian cancer etc.) is four (4) times greater than the sending on mens healthcare research (prostate, testicular cancer etc.). The list goes on.",29,0,1
"Men are still ten times more likely to die on the job. As we get more ""equality"", I don't see women taking dangerous jobs from men. Women are taking safe jobs from men so even more men will die on the job. If we were to have a another Vietnam (60,000 killed), 97% will be men. Men die earlier than women, but spending on woman's healthcare research (breast, ovarian cancer etc.) is four (4) times greater than the sending on mens healthcare research (prostate, testicular cancer etc.). The list goes on.",30,0,0
"Men are still ten times more likely to die on the job. As we get more ""equality"", I don't see women taking dangerous jobs from men. Women are taking safe jobs from men so even more men will die on the job. If we were to have a another Vietnam (60,000 killed), 97% will be men. Men die earlier than women, but spending on woman's healthcare research (breast, ovarian cancer etc.) is four (4) times greater than the sending on mens healthcare research (prostate, testicular cancer etc.). The list goes on.",31,0,0
"Men are still ten times more likely to die on the job. As we get more ""equality"", I don't see women taking dangerous jobs from men. Women are taking safe jobs from men so even more men will die on the job. If we were to have a another Vietnam (60,000 killed), 97% will be men. Men die earlier than women, but spending on woman's healthcare research (breast, ovarian cancer etc.) is four (4) times greater than the sending on mens healthcare research (prostate, testicular cancer etc.). The list goes on.",32,0,0
"Men are still ten times more likely to die on the job. As we get more ""equality"", I don't see women taking dangerous jobs from men. Women are taking safe jobs from men so even more men will die on the job. If we were to have a another Vietnam (60,000 killed), 97% will be men. Men die earlier than women, but spending on woman's healthcare research (breast, ovarian cancer etc.) is four (4) times greater than the sending on mens healthcare research (prostate, testicular cancer etc.). The list goes on.",33,0,1
"Men are still ten times more likely to die on the job. As we get more ""equality"", I don't see women taking dangerous jobs from men. Women are taking safe jobs from men so even more men will die on the job. If we were to have a another Vietnam (60,000 killed), 97% will be men. Men die earlier than women, but spending on woman's healthcare research (breast, ovarian cancer etc.) is four (4) times greater than the sending on mens healthcare research (prostate, testicular cancer etc.). The list goes on.",34,0,0
"Men are still ten times more likely to die on the job. As we get more ""equality"", I don't see women taking dangerous jobs from men. Women are taking safe jobs from men so even more men will die on the job. If we were to have a another Vietnam (60,000 killed), 97% will be men. Men die earlier than women, but spending on woman's healthcare research (breast, ovarian cancer etc.) is four (4) times greater than the sending on mens healthcare research (prostate, testicular cancer etc.). The list goes on.",35,0,0
"Men are still ten times more likely to die on the job. As we get more ""equality"", I don't see women taking dangerous jobs from men. Women are taking safe jobs from men so even more men will die on the job. If we were to have a another Vietnam (60,000 killed), 97% will be men. Men die earlier than women, but spending on woman's healthcare research (breast, ovarian cancer etc.) is four (4) times greater than the sending on mens healthcare research (prostate, testicular cancer etc.). The list goes on.",36,0,0
"Men are still ten times more likely to die on the job. As we get more ""equality"", I don't see women taking dangerous jobs from men. Women are taking safe jobs from men so even more men will die on the job. If we were to have a another Vietnam (60,000 killed), 97% will be men. Men die earlier than women, but spending on woman's healthcare research (breast, ovarian cancer etc.) is four (4) times greater than the sending on mens healthcare research (prostate, testicular cancer etc.). The list goes on.",37,0,1
"Men are still ten times more likely to die on the job. As we get more ""equality"", I don't see women taking dangerous jobs from men. Women are taking safe jobs from men so even more men will die on the job. If we were to have a another Vietnam (60,000 killed), 97% will be men. Men die earlier than women, but spending on woman's healthcare research (breast, ovarian cancer etc.) is four (4) times greater than the sending on mens healthcare research (prostate, testicular cancer etc.). The list goes on.",38,0,1
"Men are still ten times more likely to die on the job. As we get more ""equality"", I don't see women taking dangerous jobs from men. Women are taking safe jobs from men so even more men will die on the job. If we were to have a another Vietnam (60,000 killed), 97% will be men. Men die earlier than women, but spending on woman's healthcare research (breast, ovarian cancer etc.) is four (4) times greater than the sending on mens healthcare research (prostate, testicular cancer etc.). The list goes on.",39,0,0
"Men are still ten times more likely to die on the job. As we get more ""equality"", I don't see women taking dangerous jobs from men. Women are taking safe jobs from men so even more men will die on the job. If we were to have a another Vietnam (60,000 killed), 97% will be men. Men die earlier than women, but spending on woman's healthcare research (breast, ovarian cancer etc.) is four (4) times greater than the sending on mens healthcare research (prostate, testicular cancer etc.). The list goes on.",40,0,0
"Men are still ten times more likely to die on the job. As we get more ""equality"", I don't see women taking dangerous jobs from men. Women are taking safe jobs from men so even more men will die on the job. If we were to have a another Vietnam (60,000 killed), 97% will be men. Men die earlier than women, but spending on woman's healthcare research (breast, ovarian cancer etc.) is four (4) times greater than the sending on mens healthcare research (prostate, testicular cancer etc.). The list goes on.",41,0,0
"Men are still ten times more likely to die on the job. As we get more ""equality"", I don't see women taking dangerous jobs from men. Women are taking safe jobs from men so even more men will die on the job. If we were to have a another Vietnam (60,000 killed), 97% will be men. Men die earlier than women, but spending on woman's healthcare research (breast, ovarian cancer etc.) is four (4) times greater than the sending on mens healthcare research (prostate, testicular cancer etc.). The list goes on.",42,0,0
"Men are still ten times more likely to die on the job. As we get more ""equality"", I don't see women taking dangerous jobs from men. Women are taking safe jobs from men so even more men will die on the job. If we were to have a another Vietnam (60,000 killed), 97% will be men. Men die earlier than women, but spending on woman's healthcare research (breast, ovarian cancer etc.) is four (4) times greater than the sending on mens healthcare research (prostate, testicular cancer etc.). The list goes on.",43,0,0
"Men are still ten times more likely to die on the job. As we get more ""equality"", I don't see women taking dangerous jobs from men. Women are taking safe jobs from men so even more men will die on the job. If we were to have a another Vietnam (60,000 killed), 97% will be men. Men die earlier than women, but spending on woman's healthcare research (breast, ovarian cancer etc.) is four (4) times greater than the sending on mens healthcare research (prostate, testicular cancer etc.). The list goes on.",44,0,1
"Men are still ten times more likely to die on the job. As we get more ""equality"", I don't see women taking dangerous jobs from men. Women are taking safe jobs from men so even more men will die on the job. If we were to have a another Vietnam (60,000 killed), 97% will be men. Men die earlier than women, but spending on woman's healthcare research (breast, ovarian cancer etc.) is four (4) times greater than the sending on mens healthcare research (prostate, testicular cancer etc.). The list goes on.",45,0,1
"Men are still ten times more likely to die on the job. As we get more ""equality"", I don't see women taking dangerous jobs from men. Women are taking safe jobs from men so even more men will die on the job. If we were to have a another Vietnam (60,000 killed), 97% will be men. Men die earlier than women, but spending on woman's healthcare research (breast, ovarian cancer etc.) is four (4) times greater than the sending on mens healthcare research (prostate, testicular cancer etc.). The list goes on.",46,0,0
"Men are still ten times more likely to die on the job. As we get more ""equality"", I don't see women taking dangerous jobs from men. Women are taking safe jobs from men so even more men will die on the job. If we were to have a another Vietnam (60,000 killed), 97% will be men. Men die earlier than women, but spending on woman's healthcare research (breast, ovarian cancer etc.) is four (4) times greater than the sending on mens healthcare research (prostate, testicular cancer etc.). The list goes on.",47,0,0
"Men are still ten times more likely to die on the job. As we get more ""equality"", I don't see women taking dangerous jobs from men. Women are taking safe jobs from men so even more men will die on the job. If we were to have a another Vietnam (60,000 killed), 97% will be men. Men die earlier than women, but spending on woman's healthcare research (breast, ovarian cancer etc.) is four (4) times greater than the sending on mens healthcare research (prostate, testicular cancer etc.). The list goes on.",48,0,0
"Men are still ten times more likely to die on the job. As we get more ""equality"", I don't see women taking dangerous jobs from men. Women are taking safe jobs from men so even more men will die on the job. If we were to have a another Vietnam (60,000 killed), 97% will be men. Men die earlier than women, but spending on woman's healthcare research (breast, ovarian cancer etc.) is four (4) times greater than the sending on mens healthcare research (prostate, testicular cancer etc.). The list goes on.",49,0,0
"Men are still ten times more likely to die on the job. As we get more ""equality"", I don't see women taking dangerous jobs from men. Women are taking safe jobs from men so even more men will die on the job. If we were to have a another Vietnam (60,000 killed), 97% will be men. Men die earlier than women, but spending on woman's healthcare research (breast, ovarian cancer etc.) is four (4) times greater than the sending on mens healthcare research (prostate, testicular cancer etc.). The list goes on.",50,0,0
NUGS lauds Ghanaian Muslims for their immense contribution to peace and progess - URL,1,0,0
NUGS lauds Ghanaian Muslims for their immense contribution to peace and progess - URL,2,0,0
NUGS lauds Ghanaian Muslims for their immense contribution to peace and progess - URL,3,0,0
NUGS lauds Ghanaian Muslims for their immense contribution to peace and progess - URL,4,0,0
NUGS lauds Ghanaian Muslims for their immense contribution to peace and progess - URL,5,0,0
NUGS lauds Ghanaian Muslims for their immense contribution to peace and progess - URL,6,0,0
NUGS lauds Ghanaian Muslims for their immense contribution to peace and progess - URL,7,0,0
NUGS lauds Ghanaian Muslims for their immense contribution to peace and progess - URL,8,0,0
NUGS lauds Ghanaian Muslims for their immense contribution to peace and progess - URL,9,0,0
NUGS lauds Ghanaian Muslims for their immense contribution to peace and progess - URL,10,0,0
NUGS lauds Ghanaian Muslims for their immense contribution to peace and progess - URL,11,0,0
NUGS lauds Ghanaian Muslims for their immense contribution to peace and progess - URL,12,0,0
NUGS lauds Ghanaian Muslims for their immense contribution to peace and progess - URL,13,0,0
NUGS lauds Ghanaian Muslims for their immense contribution to peace and progess - URL,14,0,0
NUGS lauds Ghanaian Muslims for their immense contribution to peace and progess - URL,15,0,0
NUGS lauds Ghanaian Muslims for their immense contribution to peace and progess - URL,16,0,0
NUGS lauds Ghanaian Muslims for their immense contribution to peace and progess - URL,17,0,0
NUGS lauds Ghanaian Muslims for their immense contribution to peace and progess - URL,18,0,0
NUGS lauds Ghanaian Muslims for their immense contribution to peace and progess - URL,19,0,0
NUGS lauds Ghanaian Muslims for their immense contribution to peace and progess - URL,20,0,0
NUGS lauds Ghanaian Muslims for their immense contribution to peace and progess - URL,21,0,0
NUGS lauds Ghanaian Muslims for their immense contribution to peace and progess - URL,22,0,0
NUGS lauds Ghanaian Muslims for their immense contribution to peace and progess - URL,23,0,0
NUGS lauds Ghanaian Muslims for their immense contribution to peace and progess - URL,24,0,0
NUGS lauds Ghanaian Muslims for their immense contribution to peace and progess - URL,25,0,0
NUGS lauds Ghanaian Muslims for their immense contribution to peace and progess - URL,26,0,0
NUGS lauds Ghanaian Muslims for their immense contribution to peace and progess - URL,27,0,0
NUGS lauds Ghanaian Muslims for their immense contribution to peace and progess - URL,28,0,0
NUGS lauds Ghanaian Muslims for their immense contribution to peace and progess - URL,29,0,0
NUGS lauds Ghanaian Muslims for their immense contribution to peace and progess - URL,30,0,0
NUGS lauds Ghanaian Muslims for their immense contribution to peace and progess - URL,31,0,0
NUGS lauds Ghanaian Muslims for their immense contribution to peace and progess - URL,32,0,0
NUGS lauds Ghanaian Muslims for their immense contribution to peace and progess - URL,33,0,0
NUGS lauds Ghanaian Muslims for their immense contribution to peace and progess - URL,34,0,0
NUGS lauds Ghanaian Muslims for their immense contribution to peace and progess - URL,35,0,0
NUGS lauds Ghanaian Muslims for their immense contribution to peace and progess - URL,36,0,0
NUGS lauds Ghanaian Muslims for their immense contribution to peace and progess - URL,37,0,0
NUGS lauds Ghanaian Muslims for their immense contribution to peace and progess - URL,38,0,0
NUGS lauds Ghanaian Muslims for their immense contribution to peace and progess - URL,39,0,0
NUGS lauds Ghanaian Muslims for their immense contribution to peace and progess - URL,40,0,0
NUGS lauds Ghanaian Muslims for their immense contribution to peace and progess - URL,41,0,0
NUGS lauds Ghanaian Muslims for their immense contribution to peace and progess - URL,42,0,0
NUGS lauds Ghanaian Muslims for their immense contribution to peace and progess - URL,43,0,0
NUGS lauds Ghanaian Muslims for their immense contribution to peace and progess - URL,44,0,0
NUGS lauds Ghanaian Muslims for their immense contribution to peace and progess - URL,45,0,0
NUGS lauds Ghanaian Muslims for their immense contribution to peace and progess - URL,46,0,0
NUGS lauds Ghanaian Muslims for their immense contribution to peace and progess - URL,47,0,0
NUGS lauds Ghanaian Muslims for their immense contribution to peace and progess - URL,48,0,0
NUGS lauds Ghanaian Muslims for their immense contribution to peace and progess - URL,49,0,0
NUGS lauds Ghanaian Muslims for their immense contribution to peace and progess - URL,50,0,0
"Niggers and their liberal friends steal everything not tied down, just like the presidency here with acorn with its liberal defenders, FUCK YOU NIGGER OBOAMA!",1,1,1
"Niggers and their liberal friends steal everything not tied down, just like the presidency here with acorn with its liberal defenders, FUCK YOU NIGGER OBOAMA!",2,1,1
"Niggers and their liberal friends steal everything not tied down, just like the presidency here with acorn with its liberal defenders, FUCK YOU NIGGER OBOAMA!",3,1,1
"Niggers and their liberal friends steal everything not tied down, just like the presidency here with acorn with its liberal defenders, FUCK YOU NIGGER OBOAMA!",4,1,1
"Niggers and their liberal friends steal everything not tied down, just like the presidency here with acorn with its liberal defenders, FUCK YOU NIGGER OBOAMA!",5,1,1
"Niggers and their liberal friends steal everything not tied down, just like the presidency here with acorn with its liberal defenders, FUCK YOU NIGGER OBOAMA!",6,1,1
"Niggers and their liberal friends steal everything not tied down, just like the presidency here with acorn with its liberal defenders, FUCK YOU NIGGER OBOAMA!",7,1,1
"Niggers and their liberal friends steal everything not tied down, just like the presidency here with acorn with its liberal defenders, FUCK YOU NIGGER OBOAMA!",8,1,1
"Niggers and their liberal friends steal everything not tied down, just like the presidency here with acorn with its liberal defenders, FUCK YOU NIGGER OBOAMA!",9,1,1
"Niggers and their liberal friends steal everything not tied down, just like the presidency here with acorn with its liberal defenders, FUCK YOU NIGGER OBOAMA!",10,1,1
"Niggers and their liberal friends steal everything not tied down, just like the presidency here with acorn with its liberal defenders, FUCK YOU NIGGER OBOAMA!",11,1,1
"Niggers and their liberal friends steal everything not tied down, just like the presidency here with acorn with its liberal defenders, FUCK YOU NIGGER OBOAMA!",12,1,1
"Niggers and their liberal friends steal everything not tied down, just like the presidency here with acorn with its liberal defenders, FUCK YOU NIGGER OBOAMA!",13,1,1
"Niggers and their liberal friends steal everything not tied down, just like the presidency here with acorn with its liberal defenders, FUCK YOU NIGGER OBOAMA!",14,1,1
"Niggers and their liberal friends steal everything not tied down, just like the presidency here with acorn with its liberal defenders, FUCK YOU NIGGER OBOAMA!",15,1,1
"Niggers and their liberal friends steal everything not tied down, just like the presidency here with acorn with its liberal defenders, FUCK YOU NIGGER OBOAMA!",16,1,1
"Niggers and their liberal friends steal everything not tied down, just like the presidency here with acorn with its liberal defenders, FUCK YOU NIGGER OBOAMA!",17,1,1
"Niggers and their liberal friends steal everything not tied down, just like the presidency here with acorn with its liberal defenders, FUCK YOU NIGGER OBOAMA!",18,1,1
"Niggers and their liberal friends steal everything not tied down, just like the presidency here with acorn with its liberal defenders, FUCK YOU NIGGER OBOAMA!",19,1,1
"Niggers and their liberal friends steal everything not tied down, just like the presidency here with acorn with its liberal defenders, FUCK YOU NIGGER OBOAMA!",20,1,1
"Niggers and their liberal friends steal everything not tied down, just like the presidency here with acorn with its liberal defenders, FUCK YOU NIGGER OBOAMA!",21,1,1
"Niggers and their liberal friends steal everything not tied down, just like the presidency here with acorn with its liberal defenders, FUCK YOU NIGGER OBOAMA!",22,1,1
"Niggers and their liberal friends steal everything not tied down, just like the presidency here with acorn with its liberal defenders, FUCK YOU NIGGER OBOAMA!",23,1,1
"Niggers and their liberal friends steal everything not tied down, just like the presidency here with acorn with its liberal defenders, FUCK YOU NIGGER OBOAMA!",24,1,1
"Niggers and their liberal friends steal everything not tied down, just like the presidency here with acorn with its liberal defenders, FUCK YOU NIGGER OBOAMA!",25,1,1
"Niggers and their liberal friends steal everything not tied down, just like the presidency here with acorn with its liberal defenders, FUCK YOU NIGGER OBOAMA!",26,1,1
"Niggers and their liberal friends steal everything not tied down, just like the presidency here with acorn with its liberal defenders, FUCK YOU NIGGER OBOAMA!",27,1,1
"Niggers and their liberal friends steal everything not tied down, just like the presidency here with acorn with its liberal defenders, FUCK YOU NIGGER OBOAMA!",28,1,1
"Niggers and their liberal friends steal everything not tied down, just like the presidency here with acorn with its liberal defenders, FUCK YOU NIGGER OBOAMA!",29,1,1
"Niggers and their liberal friends steal everything not tied down, just like the presidency here with acorn with its liberal defenders, FUCK YOU NIGGER OBOAMA!",30,1,1
"Niggers and their liberal friends steal everything not tied down, just like the presidency here with acorn with its liberal defenders, FUCK YOU NIGGER OBOAMA!",31,1,1
"Niggers and their liberal friends steal everything not tied down, just like the presidency here with acorn with its liberal defenders, FUCK YOU NIGGER OBOAMA!",32,1,1
"Niggers and their liberal friends steal everything not tied down, just like the presidency here with acorn with its liberal defenders, FUCK YOU NIGGER OBOAMA!",33,1,1
"Niggers and their liberal friends steal everything not tied down, just like the presidency here with acorn with its liberal defenders, FUCK YOU NIGGER OBOAMA!",34,1,1
"Niggers and their liberal friends steal everything not tied down, just like the presidency here with acorn with its liberal defenders, FUCK YOU NIGGER OBOAMA!",35,1,1
"Niggers and their liberal friends steal everything not tied down, just like the presidency here with acorn with its liberal defenders, FUCK YOU NIGGER OBOAMA!",36,1,1
"Niggers and their liberal friends steal everything not tied down, just like the presidency here with acorn with its liberal defenders, FUCK YOU NIGGER OBOAMA!",37,1,1
"Niggers and their liberal friends steal everything not tied down, just like the presidency here with acorn with its liberal defenders, FUCK YOU NIGGER OBOAMA!",38,1,1
"Niggers and their liberal friends steal everything not tied down, just like the presidency here with acorn with its liberal defenders, FUCK YOU NIGGER OBOAMA!",39,1,1
"Niggers and their liberal friends steal everything not tied down, just like the presidency here with acorn with its liberal defenders, FUCK YOU NIGGER OBOAMA!",40,1,1
"Niggers and their liberal friends steal everything not tied down, just like the presidency here with acorn with its liberal defenders, FUCK YOU NIGGER OBOAMA!",41,1,1
"Niggers and their liberal friends steal everything not tied down, just like the presidency here with acorn with its liberal defenders, FUCK YOU NIGGER OBOAMA!",42,1,1
"Niggers and their liberal friends steal everything not tied down, just like the presidency here with acorn with its liberal defenders, FUCK YOU NIGGER OBOAMA!",43,1,1
"Niggers and their liberal friends steal everything not tied down, just like the presidency here with acorn with its liberal defenders, FUCK YOU NIGGER OBOAMA!",44,1,1
"Niggers and their liberal friends steal everything not tied down, just like the presidency here with acorn with its liberal defenders, FUCK YOU NIGGER OBOAMA!",45,1,1
"Niggers and their liberal friends steal everything not tied down, just like the presidency here with acorn with its liberal defenders, FUCK YOU NIGGER OBOAMA!",46,1,1
"Niggers and their liberal friends steal everything not tied down, just like the presidency here with acorn with its liberal defenders, FUCK YOU NIGGER OBOAMA!",47,1,1
"Niggers and their liberal friends steal everything not tied down, just like the presidency here with acorn with its liberal defenders, FUCK YOU NIGGER OBOAMA!",48,1,1
"Niggers and their liberal friends steal everything not tied down, just like the presidency here with acorn with its liberal defenders, FUCK YOU NIGGER OBOAMA!",49,1,1
"Niggers and their liberal friends steal everything not tied down, just like the presidency here with acorn with its liberal defenders, FUCK YOU NIGGER OBOAMA!",50,1,1
